id,name,bewertungsstufe,link
BW 2.01, Wanderbahn: Mudau  Mosbach,Bewertung mit 4 Rädern, bahn_bw.htm#bw2_01
BW 2.08, Radfernweg Stauferland: Göppingen-Faurndau  Schwäbisch Gmünd,Bewertung mit 4 Rädern, bahn_bw.htm#bw2_08
BW 2.13, Reutlingen  Lichtenstein (ehem. Zahnradbahn),Bewertung mit 4 Rädern, bahn_bw.htm#bw2_13
BY 1.01a, Rhönexpress-Bahnradweg: Zeitlofs  Wildflecken,Bewertung mit 4 Rädern, bahn_by.htm#by1_01a
BY 1.07, Gaubahn-Radwanderweg: Ochsenfurt  Röttingen ( Weikersheim),Bewertung mit 4 Rädern, bahn_by.htm#by1_07
BY 2.17, Brückenradweg Bayern-Böhmen: Leupoldsdorf  Wunsiedel-Holenbrunn,Bewertung mit 4 Rädern, bahn_by.htm#by2_17
BY 2.18, Brückenradweg Bayern-Böhmen: Wunsiedel-Holenbrunn  Selb,Bewertung mit 4 Rädern, bahn_by.htm#by2_18
BY 4.07, Bockl-Radweg: Neustadt a. d. Waldnaab  Eslarn,Bewertung mit 4 Rädern, bahn_by.htm#by4_07
BY 4.11, Falkenstein-Radweg: Gonnersdorf (NO Regensburg)  Falkenstein,Bewertung mit 4 Rädern, bahn_by.htm#by4_11
BY 7.01, Donau-Regen-Radweg: Bogen  Miltach,Bewertung mit 4 Rädern, bahn_by.htm#by7_01
BY 7.04, Donau-Ilz-Radweg: Hengersberg  Eging  Tittling  Kalteneck,Bewertung mit 4 Rädern, bahn_by.htm#by7_04
BY 7.08, Bockerlbahn-Radweg: Landau a.d.Isar  Arnstorf,Bewertung mit 4 Rädern, bahn_by.htm#by7_08
HE 2.03, Ederseebahn-Radweg: Korbach  Edertal-Buhlen,Bewertung mit 4 Rädern, bahn_he.htm#he2_03
HE 2.08, Bahnradweg Rotkäppchenland: Schwalmstadt-Treysa  Oberaula,Bewertung mit 4 Rädern, bahn_he.htm#he2_08
HE 2.10, Vulkanradweg: Abschnitt Lauterbach  Altenstadt-Höchst,Bewertung mit 4 Rädern, bahn_he.htm#he2_10
HE 3.04, Kegelspielradweg: Hünfeld  Wenigentaft,Bewertung mit 4 Rädern, bahn_he.htm#he3_04
HE 3.05, Milseburg-Radweg: Fulda  Hilders,Bewertung mit 4 Rädern, bahn_he.htm#he3_05
NI 3.06, Braunschweiger Ringgleis,Bewertung mit 4 Rädern, bahn_ni.htm#ni3_06
NW 1.07, Vennbahnweg: Aachen-Rothe Erde  Aachen-Walheim  Raeren,Bewertung mit 4 Rädern, bahn_nw.htm#nw1_07
NW 2.07, RadBahn Münsterland: Billerbeck-Lutum  Burgsteinfurt  Rheine,Bewertung mit 4 Rädern, bahn_nw.htm#nw2_07
NW 3.07, Zollvereinweg: Essen-Katernberg  Essen Mechtenberg,Bewertung mit 4 Rädern, bahn_nw.htm#nw3_07
NW 3.07a," Nordsternweg: Essen-Katernberg, Zollverein  Schurenbachhalde",Bewertung mit 4 Rädern, bahn_nw.htm#nw3_07a
NW 3.08, Essen Mechtenberg  Gelsenkirchen-Ückendorf,Bewertung mit 4 Rädern, bahn_nw.htm#nw3_08
NW 3.09, ErlebnisTrasse Erzbahn: Bochum-Westpark  Hafen Grimberg (Rhein-Herne-Kanal),Bewertung mit 4 Rädern, bahn_nw.htm#nw3_09
NW 4.03, PanoramaRadweg niederbergbahn: Kettwig vor der Brücke  Wülfrath,Bewertung mit 4 Rädern, bahn_nw.htm#nw4_03
NW 4.03a, PanoramaRadweg niederbergbahn: Abzweig Wülfrath  Flandersbacher Straße,Bewertung mit 4 Rädern, bahn_nw.htm#nw4_03a
NW 4.05, Kohlenbahn: Wuppertal-Wichlinghausen  Sprockhövel  Hattingen,Bewertung mit 4 Rädern, bahn_nw.htm#nw4_05
NW 4.06, Nordbahntrasse / Jackstädt-Weg: Wuppertal-Vohwinkel  W.-Wichlinghausen,Bewertung mit 4 Rädern, bahn_nw.htm#nw4_06
NW 4.08, Korkenziehertrasse: Solingen  Wuppertal-Vohwinkel,Bewertung mit 4 Rädern, bahn_nw.htm#nw4_08
NW 4.11, Panorama-Radweg Balkantrasse: Leverkusen-Opladen  Remscheid-Lennep,Bewertung mit 4 Rädern, bahn_nw.htm#nw4_11
NW 4.13, Alleenradweg Wasserquintett: Bergisch Born  Hückeswagen  Marienheide,Bewertung mit 4 Rädern, bahn_nw.htm#nw4_13
NW 4.25, SauerlandRadring: Finnentrop  Eslohe  Schmallenberg  Altenhundem,Bewertung mit 4 Rädern, bahn_nw.htm#nw4_25
NW 4.25a, Alleenradweg Eslohe  Wennemen,Bewertung mit 4 Rädern, bahn_nw.htm#nw4_25a
RP 1.04, Eifel-Ardennen-Radweg: (in Planung: Gerolstein ) Prüm  Pronsfeld  Steinebrück,Bewertung mit 4 Rädern, bahn_rp.htm#rp1_04
RP 1.06, Enztalradweg: südl. Pronsfeld  Arzfeld  Neuerburg,Bewertung mit 4 Rädern, bahn_rp.htm#rp1_06
RP 1.07, Jünkerath  Losheim,Bewertung mit 4 Rädern, bahn_rp.htm#rp1_07
RP 1.11, Maare-Mosel-Radweg: Daun  Wittlich  Lieser,Bewertung mit 4 Rädern, bahn_rp.htm#rp1_11
RP 2.02, Ruwer-Hochwald-Radweg: Trier  Hermeskeil,Bewertung mit 4 Rädern, bahn_rp.htm#rp2_02
RP 2.04, Schinderhannes-Radweg: Emmelshausen  Simmern,Bewertung mit 4 Rädern, bahn_rp.htm#rp2_04
RP 3.07, Fritz-Wunderlich-Weg: Freisen  Altenglan,Bewertung mit 4 Rädern, bahn_rp.htm#rp3_07
SL03, Wendelinusradweg: St. Wendel  Tholey,Bewertung mit 4 Rädern, bahn_sl.htm#sl03
SN 2.06, Mulderadweg: Aue  Wolfsgrün,Bewertung mit 4 Rädern, bahn_sn.htm#sn2_06
TH02, Kanonenbahn-Radweg: Geismar  Lengenfeld unterm Stein  Dingelstädt,Bewertung mit 4 Rädern, bahn_th.htm#th02
BW 1.04, Wiesloch  Meckesheim,Bewertung mit 3 Rädern, bahn_bw.htm#bw1_04
BW 1.09, Leinfelden-Echterdingen  Waldenbuch-Glashütte,Bewertung mit 3 Rädern, bahn_bw.htm#bw1_09
BW 1.15, Bregtalbahn: Furtwangen  Bräunlingen b. Donaueschingen,Bewertung mit 3 Rädern, bahn_bw.htm#bw1_15
BW 1.16, Bähnle-Radweg: Lenzkirch  Bonndorf,Bewertung mit 3 Rädern, bahn_bw.htm#bw1_16
BW 1.17, Zell  Todtnau,Bewertung mit 3 Rädern, bahn_bw.htm#bw1_17
BW 2.06, Forchtenberg  Bf Waldenburg,Bewertung mit 3 Rädern, bahn_bw.htm#bw2_06
BW 2.07, Heilbronn-Sontheim  Steinheim an der Murr,Bewertung mit 3 Rädern, bahn_bw.htm#bw2_07
BW 2.10, Tälesbahn: Geislingen an der Steige  Wiesensteig,Bewertung mit 3 Rädern, bahn_bw.htm#bw2_10
BY 1.01, Brendtalradweg: Bischofsheim a. d. Rhön  Bad Neustadt a. d. Saale,Bewertung mit 3 Rädern, bahn_by.htm#by1_01
BY 1.02, Bad Neustadt a. d. Saale  Bad Königshofen i. Grabfeld,Bewertung mit 3 Rädern, bahn_by.htm#by1_02
BY 1.03," Hofheim  Haßfurt (""Hofheimerle"")",Bewertung mit 3 Rädern, bahn_by.htm#by1_03
BY 1.05, Elsenfeld  Heimbuchenthal (ehem. Elsavatalbahn),Bewertung mit 3 Rädern, bahn_by.htm#by1_05
BY 2.01, Seßlach  Kaltenbrunn  Rattelsdorf,Bewertung mit 3 Rädern, bahn_by.htm#by2_01
BY 2.07, Döbraberg-Radweg: Naila  Schwarzenbach a. Wald,Bewertung mit 3 Rädern, bahn_by.htm#by2_07
BY 2.09, Ebrach  Frensdorf,Bewertung mit 3 Rädern, bahn_by.htm#by2_09
BY 2.12, Bayreuth  Hollfeld,Bewertung mit 3 Rädern, bahn_by.htm#by2_12
BY 2.13, Bayreuth  Kulmbach-Melkendorf,Bewertung mit 3 Rädern, bahn_by.htm#by2_13
BY 2.14, Bad Berneck im Fichtelgebirge  Bischofsgrün,Bewertung mit 3 Rädern, bahn_by.htm#by2_14
BY 2.16, Fichtelberg  Neusorg,Bewertung mit 3 Rädern, bahn_by.htm#by2_16
BY 3.02," Radweg ""Alte Bahnlinie"": Rothenburg o. d. T.  Dombühl",Bewertung mit 3 Rädern, bahn_by.htm#by3_02
BY 3.03, Biberttalweg: Abschnitt Zirndorf  Andorf,Bewertung mit 3 Rädern, bahn_by.htm#by3_03
BY 3.05, Gredl-Radweg: Hilpoltstein  Thalmässing,Bewertung mit 3 Rädern, bahn_by.htm#by3_05
BY 4.02, Vizinalbahnradweg: Wiesau  Liebenstein  Bärnau,Bewertung mit 3 Rädern, bahn_by.htm#by4_02
BY 4.05, Schweppermann-Radweg: (Unterölsbach ) Lauterhofen  Kastl  Amberg,Bewertung mit 3 Rädern, bahn_by.htm#by4_05
BY 4.06, Vilstal-Radweg: Abschnitt Amberg  Schmidmühlen,Bewertung mit 3 Rädern, bahn_by.htm#by4_06
BY 4.08, Wölsendorf  Oberviechtach  Schönsee,Bewertung mit 3 Rädern, bahn_by.htm#by4_08
BY 4.09, Bodenwöhr Nord  Rötz,Bewertung mit 3 Rädern, bahn_by.htm#by4_09
BY 5.01, Landrat-Dr.-Frey-Radweg / Weldenbahn-Radweg: Neusäß  Welden,Bewertung mit 3 Rädern, bahn_by.htm#by5_01
BY 5.02, DB Iller-Roth-Günz Radweg: Kellmünz  Babenhausen,Bewertung mit 3 Rädern, bahn_by.htm#by5_02
BY 5.03, Dampflokrunde: Kaufbeuren  Schongau und Marktoberdorf  Lechbruck,Bewertung mit 3 Rädern, bahn_by.htm#by5_03
BY 5.06, (Isny ) Weitnau  Kempten,Bewertung mit 3 Rädern, bahn_by.htm#by5_06
BY 6.03, Schambachtalbahn-Radweg: Ingolstadt  Lenting  Altmannstein  Riedenburg,Bewertung mit 3 Rädern, bahn_by.htm#by6_03
BY 6.04a, Wolnzach  Rudelzhausen  Mainburg,Bewertung mit 3 Rädern, bahn_by.htm#by6_04a
BY 6.04b, Au i. d. Hallertau  Enzelhausen,Bewertung mit 3 Rädern, bahn_by.htm#by6_04b
BY 6.04c, Figlsdorf  Attenkirchen  Thalham  Kratzerimbach,Bewertung mit 3 Rädern, bahn_by.htm#by6_04c
BY 6.07, Veldenbahn-Radweg: Dorfen  Velden,Bewertung mit 3 Rädern, bahn_by.htm#by6_07
BY 6.09, Loisach-Radweg: Wolfratshausen  Beuerberg,Bewertung mit 3 Rädern, bahn_by.htm#by6_09
BY 6.11, Bad Aibling  Bad Feilnbach,Bewertung mit 3 Rädern, bahn_by.htm#by6_11
BY 6.13, Ruhpolding  Reit im Winkl,Bewertung mit 3 Rädern, bahn_by.htm#by6_13
BY 7.02, Regental-Radweg: Abschnitt Blaibach (bei Bad Kötzting)  Viechtach,Bewertung mit 3 Rädern, bahn_by.htm#by7_02
BY 7.06, Adalbert-Stifter-Radweg: Waldkirchen  Haidmühle,Bewertung mit 3 Rädern, bahn_by.htm#by7_06
BB04, Großwoltersdorf  Neuglobsow (Stechlinseebahn),Bewertung mit 3 Rädern, bahn_bb.htm#bb04
BB05," ""Spur der Steine"": Fürstenwerder  Templin",Bewertung mit 3 Rädern, bahn_bb.htm#bb05
BB08a, Ziesar  Görzke,Bewertung mit 3 Rädern, bahn_bb.htm#bb08a
BB09a, Stille Pauline: Paulinenaue  Fehrbellin ( Neuruppin),Bewertung mit 3 Rädern, bahn_bb.htm#bb09a
BB11," Oderbruchbahn-Radweg: Fürstenwalde  Altmädewitz (Wriezen), mit Abzw. Buckow",Bewertung mit 3 Rädern, bahn_bb.htm#bb11
BB13, Flaeming-Skate (RK1): Luckenwalde  Hohenseefeld  Jüterbog,Bewertung mit 3 Rädern, bahn_bb.htm#bb13
BB13a, Flaeming-Skate (RK 4): Werder  Bochow,Bewertung mit 3 Rädern, bahn_bb.htm#bb13a
BB13b, Flaeming-Skate (S6/S7): Hohenseefeld  Görsdorf,Bewertung mit 3 Rädern, bahn_bb.htm#bb13b
BB14, (Lübben ) Straupitz  Cottbus (ehem. Spreewaldbahn),Bewertung mit 3 Rädern, bahn_bb.htm#bb14
BB16, Kohlebahntrasse (EE13): Tröbitz  Grünewalde,Bewertung mit 3 Rädern, bahn_bb.htm#bb16
BB20, Welzow  östl. Geierswalde,Bewertung mit 3 Rädern, bahn_bb.htm#bb20
HH04, Hochbahnwanderweg: Volksdorf  Wohldorf,Bewertung mit 3 Rädern, bahn_hh.htm#hh04
HE 1.04, Ulmtalradweg: Leun-Biskirchen  Greifenstein-Beilstein,Bewertung mit 3 Rädern, bahn_he.htm#he1_04
HE 1.05, Kerkerbachtal-Radweg: Mengerskirchen  Runkel-Kerkerbach,Bewertung mit 3 Rädern, bahn_he.htm#he1_05
HE 2.09, Bad Salzschlirf  Schlitz  Niederjossa,Bewertung mit 3 Rädern, bahn_he.htm#he2_09
HE 2.11, Vogelsberger Südbahnradweg: Grebenhain-Hartmannshain  Wächtersbach,Bewertung mit 3 Rädern, bahn_he.htm#he2_11
HE 2.14, Weilburg  Weilmünster (Weiltalweg) und Stichbahn nach Laubuseschbach,Bewertung mit 3 Rädern, bahn_he.htm#he2_14
HE 3.03, Solztalradweg: Bad Hersfeld  Schenklengsfeld,Bewertung mit 3 Rädern, bahn_he.htm#he3_03
HE 3.06, Ulstertal-Radweg: Tann (Rhön)  Philippsthal,Bewertung mit 3 Rädern, bahn_he.htm#he3_06
MV04, Stralsund  Siemersdorf (bei Tribsees),Bewertung mit 3 Rädern, bahn_mv.htm#mv04
MV09, Altefähr  Garz  Putbus,Bewertung mit 3 Rädern, bahn_mv.htm#mv09
MV14, Eisenbahnweg: Thurow  Blankensee  Groß Daberkow,Bewertung mit 3 Rädern, bahn_mv.htm#mv14
MV16, Rieth  Hintersee,Bewertung mit 3 Rädern, bahn_mv.htm#mv16
NI 1.02, Ostfrieslandwanderweg: Leer  Bensersiel,Bewertung mit 3 Rädern, bahn_ni.htm#ni1_02
NI 1.04, Alte Tidebahn: Harlesiel  Jever,Bewertung mit 3 Rädern, bahn_ni.htm#ni1_04
NI 3.01, Westen  Ahlden (Aller),Bewertung mit 3 Rädern, bahn_ni.htm#ni3_01
NI 3.12, Radweg zur Kunst: Bad Salzdetfurth-Bodenburg  Bad Gandersheim,Bewertung mit 3 Rädern, bahn_ni.htm#ni3_12
NI 3.14, Innerstetal-Radweg: Langelsheim  Altenau,Bewertung mit 3 Rädern, bahn_ni.htm#ni3_14
NI 3.24, Südharzeisenbahn: Walkenried  Braunlage,Bewertung mit 3 Rädern, bahn_ni.htm#ni3_24
NW 1.01, Alleenradweg Xanten  Kalkar und Europaradbahn Kleve  Groesbeek (NL),Bewertung mit 3 Rädern, bahn_nw.htm#nw1_01
NW 1.02, Nettetal-Kaldenkirchen  Kempen,Bewertung mit 3 Rädern, bahn_nw.htm#nw1_02
NW 1.04," Grafschafter Rad- und Wanderweg: Krefeld, Hülser Berg  Moers",Bewertung mit 3 Rädern, bahn_nw.htm#nw1_04
NW 1.08, Aachen  Würselen  Alsdorf-Mariadorf,Bewertung mit 3 Rädern, bahn_nw.htm#nw1_08
NW 1.09, Alsdorf-Hoengen  Jülich,Bewertung mit 3 Rädern, bahn_nw.htm#nw1_09
NW 1.17, Blankenheim  Ahrdorf,Bewertung mit 3 Rädern, bahn_nw.htm#nw1_17
NW 2.06, Wesel  Dorsten-Holsterhausen  Haltern,Bewertung mit 3 Rädern, bahn_nw.htm#nw2_06
NW 2.08, Heek  Burgsteinfurt,Bewertung mit 3 Rädern, bahn_nw.htm#nw2_08
NW 2.09, Ochtrup  Rheine,Bewertung mit 3 Rädern, bahn_nw.htm#nw2_09
NW 3.01a, HOAG-Trasse: Duisburg-Walsum  Oberhausen-Sterkrade,Bewertung mit 3 Rädern, bahn_nw.htm#nw3_01a
NW 3.01b, Grüner Pfad: Duisburg-Meiderich  Oberhausen-Sterkrade,Bewertung mit 3 Rädern, bahn_nw.htm#nw3_01b
NW 3.05, Grugaweg: Mülheim-Heißen  Essen-Steele Süd,Bewertung mit 3 Rädern, bahn_nw.htm#nw3_05
NW 3.09b, Parkband West: Bochum Westpark (Jahrhunderthalle)  Bochum-Weitmar,Bewertung mit 3 Rädern, bahn_nw.htm#nw3_09b
NW 3.14, Allee des Wandels: Herten-Westerholt  Halde Hoheward,Bewertung mit 3 Rädern, bahn_nw.htm#nw3_14
NW 3.14a, Kunstmeile: Zechenbahntrasse Blumenthal 1/2/6,Bewertung mit 3 Rädern, bahn_nw.htm#nw3_14a
NW 3.15a," ""König-Ludwig-Trasse"": Castrop-Rauxel  Recklinghausen-Suderwich",Bewertung mit 3 Rädern, bahn_nw.htm#nw3_15a
NW 3.20, Springorum-Trasse: Bochum  Bochum-Dahlhausen,Bewertung mit 3 Rädern, bahn_nw.htm#nw3_20
NW 3.21, Rheinischer Esel: Bochum-Langendreer  Dortmund-Löttringhausen,Bewertung mit 3 Rädern, bahn_nw.htm#nw3_21
NW 3.26, Klöcknerbahnweg: Kamen  Bergkamen-Overberge  Heeren-Werve  Bönen,Bewertung mit 3 Rädern, bahn_nw.htm#nw3_26
NW 3.27, Unna-Königsborn  Welver-Scheidingen,Bewertung mit 3 Rädern, bahn_nw.htm#nw3_27
NW 3.28, Pengel-Anton-Radweg: Soest  Belecke,Bewertung mit 3 Rädern, bahn_nw.htm#nw3_28
NW 4.01, RS1 (Radweg Rheinische Bahn): Duisburg-Hochfeld  Mülheim  Essen,Bewertung mit 3 Rädern, bahn_nw.htm#nw4_01
NW 4.05a, Sprockhövel ehem. Bf Schee  Gevelsberg-Silschede,Bewertung mit 3 Rädern, bahn_nw.htm#nw4_05a
NW 4.05c, Witten-Herbede  Wetter-Wengern,Bewertung mit 3 Rädern, bahn_nw.htm#nw4_05c
NW 4.07, Sambatrasse: Wuppertal-Steinbeck  Wuppertal-Cronenberg,Bewertung mit 3 Rädern, bahn_nw.htm#nw4_07
NW 4.15, Hagen-Haspe  Breckerfeld,Bewertung mit 3 Rädern, bahn_nw.htm#nw4_15
NW 4.21, Gummersbach-Dieringhausen  Drolshagen  Olpe,Bewertung mit 3 Rädern, bahn_nw.htm#nw4_21
NW 4.22, Freudenberg  Bf Wildenburg ( Olpe),Bewertung mit 3 Rädern, bahn_nw.htm#nw4_22
NW 4.23, Iserlohn  Hemer  Menden,Bewertung mit 3 Rädern, bahn_nw.htm#nw4_23
NW 4.27, Ederauen-Radweg: Abschnitt Bad Berleburg-Raumland  Battenberg-Dodenau,Bewertung mit 3 Rädern, bahn_nw.htm#nw4_27
NW 4.28, Ruhr-Eder-Radweg: Winterberg  Allendorf (Eder),Bewertung mit 3 Rädern, bahn_nw.htm#nw4_28
NW 5.01, Petershagen-Wegholm  Minden-Kutenhausen,Bewertung mit 3 Rädern, bahn_nw.htm#nw5_01
NW 5.02, Minden-Todtenhausen  Uchte,Bewertung mit 3 Rädern, bahn_nw.htm#nw5_02
NW 5.04, Kleinbahn erfahren: Spenge  Herford und Bad Salzuflen,Bewertung mit 3 Rädern, bahn_nw.htm#nw5_04
RP 1.01, Ahrradweg (mehrere Abschnitte),Bewertung mit 3 Rädern, bahn_rp.htm#rp1_01
RP 1.03, Kalkeifel-Radweg: Bolsdorf  Hillesheim  Ahrdorf,Bewertung mit 3 Rädern, bahn_rp.htm#rp1_03
RP 1.05, Prümtalradweg: Pronsfeld  Waxweiler,Bewertung mit 3 Rädern, bahn_rp.htm#rp1_05
RP 1.08, Nims-/Prüm-/Sauertalradweg: Bitburg  Wasserbilligerbrück,Bewertung mit 3 Rädern, bahn_rp.htm#rp1_08
RP 1.12, Maifeld-Radweg: Bassenheim  Mayen mit Abstecher Polch  Münstermaifeld,Bewertung mit 3 Rädern, bahn_rp.htm#rp1_12
RP 2.05, Kleinbahn-Radrundweg Ellerbachtal - Gräfenbachtal (ehem. Kreuznacher Kleinbahn),Bewertung mit 3 Rädern, bahn_rp.htm#rp2_05
RP 3.03, Amiche-Radweg: Bodenheim/Gau-Bischofsheim  Selzen ( Köngernheim),Bewertung mit 3 Rädern, bahn_rp.htm#rp3_03
RP 3.05, Bawettche: Frei-Laubersheim  Wöllstein,Bewertung mit 3 Rädern, bahn_rp.htm#rp3_05
RP 3.06, Nahe-Radweg: Abschnitt Niederhausen  Bad Münster am Stein,Bewertung mit 3 Rädern, bahn_rp.htm#rp3_06
RP 3.08, Glan-Blies-Radweg: Abschnitt Staudernheim  Waldmohr,Bewertung mit 3 Rädern, bahn_rp.htm#rp3_08
RP 3.09, Reichenbach-Steegen  Weilerbach,Bewertung mit 3 Rädern, bahn_rp.htm#rp3_09
RP 3.16, Fischbach  Bundenthal,Bewertung mit 3 Rädern, bahn_rp.htm#rp3_16
RP 4.04, Westerburg  Wallmerod,Bewertung mit 3 Rädern, bahn_rp.htm#rp4_04
RP 4.08, St. Goarshausen  Bogel,Bewertung mit 3 Rädern, bahn_rp.htm#rp4_08
SL05, Bliestal-Radweg (Freizeitweg): Blieskastel-Lautzkirchen  Sarreguemines,Bewertung mit 3 Rädern, bahn_sl.htm#sl05
SN 1.04, Muldentalbahn-Radweg: Wurzen  Großbothen,Bewertung mit 3 Rädern, bahn_sn.htm#sn1_04
SN 2.08, Kohlebahnradweg: Lugau  Mittelbach,Bewertung mit 3 Rädern, bahn_sn.htm#sn2_08
SN 2.09, Chemnitztalradweg: Chemnitz  Markersdorf-Taura,Bewertung mit 3 Rädern, bahn_sn.htm#sn2_09
SN 2.15, Thumer Schmalspurnetz: Wilischthal  Thum,Bewertung mit 3 Rädern, bahn_sn.htm#sn2_15
SN 2.20, Wolkenstein  Steinbach,Bewertung mit 3 Rädern, bahn_sn.htm#sn2_20
SN 3.02, Wilsdruffer Schmalspurnetz: Potschappel  Wilsdruff  Nossen,Bewertung mit 3 Rädern, bahn_sn.htm#sn3_02
SN 3.02b, Wilsdruffer Schmalspurnetz: Dittmannsdorf  Frauenstein,Bewertung mit 3 Rädern, bahn_sn.htm#sn3_02b
SN 3.03, Windbergbahn-Radweg: Freital-Neuburgk  Possendorf,Bewertung mit 3 Rädern, bahn_sn.htm#sn3_03
SN 3.04, Radweg Schönfelder Hochland: Weißig  Dürrröhrsdorf-Dittersbach,Bewertung mit 3 Rädern, bahn_sn.htm#sn3_04
SN 3.07, Halbendorf/Gebirge  Cunewalde  Löbau,Bewertung mit 3 Rädern, bahn_sn.htm#sn3_07
SN 3.09, Kreisbahnradweg Görlitz  Königshain,Bewertung mit 3 Rädern, bahn_sn.htm#sn3_09
ST 2.10, Zuckerbahn-Radweg: Zeitz  Camburg,Bewertung mit 3 Rädern, bahn_st.htm#st2_10
SH 1.01, List (Sylt)  Westerland,Bewertung mit 3 Rädern, bahn_sh.htm#sh1_01
SH 2.05, BahnRadWege Route A: Henstedt-Ulzburg  Bad Oldesloe,Bewertung mit 3 Rädern, bahn_sh.htm#sh2_05
SH 2.07, BahnRadWege Route C: Glinde  Trittau,Bewertung mit 3 Rädern, bahn_sh.htm#sh2_07
TH03a, Unstrut-Werra-Radweg: Mühlhausen (bzw. Bollstedt)  Ebeleben ( Sondershausen),Bewertung mit 3 Rädern, bahn_th.htm#th03a
TH06, Kneipp- und Kleinbahnradweg: Bad Langensalza  Haussömmern,Bewertung mit 3 Rädern, bahn_th.htm#th06
TH10, Wenigentaft-Mansbach  Oechsen,Bewertung mit 3 Rädern, bahn_th.htm#th10
TH11, Mommelstein-Radweg: Abschnitt Schmalkalden  Auwallenburg Bf,Bewertung mit 3 Rädern, bahn_th.htm#th11
TH22, Ilm-Rennsteig-Radweg: Ilmenau  Großbreitenbach,Bewertung mit 3 Rädern, bahn_th.htm#th22
TH26, Unstrut-Werra-Radweg: Sondershausen  Bad Frankenhausen ( Artern),Bewertung mit 3 Rädern, bahn_th.htm#th26
TH27, Finnebahn-Radweg: Kölleda  Lossa,Bewertung mit 3 Rädern, bahn_th.htm#th27
TH29, Golmsdorf  Eisenberg  Hartmannsdorf,Bewertung mit 3 Rädern, bahn_th.htm#th29
TH32, Oberlandradweg: Schleiz  Saalburg,Bewertung mit 3 Rädern, bahn_th.htm#th32
BW 1.02a, Bahnstadt Heidelberg,Bewertung mit 2 Rädern, bahn_bw.htm#bw1_02a
BW 1.06, Odenheim  Tiefenbach  Eichelberg,Bewertung mit 2 Rädern, bahn_bw.htm#bw1_06
BW 1.08, Pforzheim  Ittersbach,Bewertung mit 2 Rädern, bahn_bw.htm#bw1_08
BW 1.10, Filderbahn: Unteraichen  Echterdingen  Neuhausen,Bewertung mit 2 Rädern, bahn_bw.htm#bw1_10
BW 1.11, Altensteigerle: Nagold  Altensteig,Bewertung mit 2 Rädern, bahn_bw.htm#bw1_11
BW 1.11a, Baden-Oos  Baden-Baden,Bewertung mit 2 Rädern, bahn_bw.htm#bw1_11a
BW 1.12b, Meißenheim  Ottenheim,Bewertung mit 2 Rädern, bahn_bw.htm#bw1_12b
BW 1.14, Schiltach  Schramberg,Bewertung mit 2 Rädern, bahn_bw.htm#bw1_14
BW 2.02, Radweg Romantische Straße: Abschnitt Bieberehren  Creglingen,Bewertung mit 2 Rädern, bahn_bw.htm#bw2_02
BW 2.04, Kocher-Jagst-Radweg: Abschnitt Möckmühl  Widdern,Bewertung mit 2 Rädern, bahn_bw.htm#bw2_04
BW 2.05, Kocher-Jagst-Radweg: Abschnitt Friedrichshall-Jagstfeld  Öhringen-Ohrnberg,Bewertung mit 2 Rädern, bahn_bw.htm#bw2_05
BW 2.09, Süßen  Donzdorf  Weißenstein,Bewertung mit 2 Rädern, bahn_bw.htm#bw2_09
BW 2.11a, Härtsfeldbahn: Dillingen  Neresheim,Bewertung mit 2 Rädern, bahn_bw.htm#bw2_11a
BW 2.14, Spaichingen  Reichenbach,Bewertung mit 2 Rädern, bahn_bw.htm#bw2_14
BW 2.15, Bad Schussenried-Sattenbeuren  Unlingen,Bewertung mit 2 Rädern, bahn_bw.htm#bw2_15
BW 2.17, Leutkirch im Allgäu  Isny-Aigeltshofen,Bewertung mit 2 Rädern, bahn_bw.htm#bw2_17
BW 2.18c, Veloring: Friedrichshafen,Bewertung mit 2 Rädern, bahn_bw.htm#bw2_18c
BY 1.06, Lohr  Marktheidenfeld,Bewertung mit 2 Rädern, bahn_by.htm#by1_06
BY 1.08, Maroldsweisach  Ebern,Bewertung mit 2 Rädern, bahn_by.htm#by1_08
BY 2.04, Neustadt b. Coburg  Mitwitz-Leutendorf,Bewertung mit 2 Rädern, bahn_by.htm#by2_04
BY 2.06, Zeyern  Steinwiesen,Bewertung mit 2 Rädern, bahn_by.htm#by2_06
BY 2.08, Helmbrechts  Selbitz,Bewertung mit 2 Rädern, bahn_by.htm#by2_08
BY 2.11, Heiligenstadt  Gasseldorf (Leinleitertal),Bewertung mit 2 Rädern, bahn_by.htm#by2_11
BY 2.14a, Weidenberg-Sophienthal  Warmensteinach,Bewertung mit 2 Rädern, bahn_by.htm#by2_14a
BY 2.15, Sechsämter-Radweg: Abschnitt Weißenstadt  Kirchenlamitz,Bewertung mit 2 Rädern, bahn_by.htm#by2_15
BY 2.15a, Zell  Reinersreuth,Bewertung mit 2 Rädern, bahn_by.htm#by2_15a
BY 3.01, Neustadt a. d. Aisch  Demantsfürth,Bewertung mit 2 Rädern, bahn_by.htm#by3_01
BY 3.01a," Gremsdorf, Adelsdorf und Heroldsbach",Bewertung mit 2 Rädern, bahn_by.htm#by3_01a
BY 3.04," Georgensgmünd  Spalt (ehem. ""Spalter Bockl"")",Bewertung mit 2 Rädern, bahn_by.htm#by3_04
BY 4.01," ""Kurweg"": Erbendorf  Reuth",Bewertung mit 2 Rädern, bahn_by.htm#by4_01
BY 4.01a, Reuth  Friedenfels,Bewertung mit 2 Rädern, bahn_by.htm#by4_01a
BY 4.03, Ranna  Auerbach i. d. Opf.,Bewertung mit 2 Rädern, bahn_by.htm#by4_03
BY 4.04, Oberferrieden  Allersberg,Bewertung mit 2 Rädern, bahn_by.htm#by4_04
BY 4.04a, Thannhausen  Wettenhofen,Bewertung mit 2 Rädern, bahn_by.htm#by4_04a
BY 4.10, Friedrich Pustet Rad- und Wanderweg: Sinzing  Alling (bei Regensburg),Bewertung mit 2 Rädern, bahn_by.htm#by4_10
BY 5.01a, Donauwörth  Wörnitzstein,Bewertung mit 2 Rädern, bahn_by.htm#by5_01a
BY 5.01b, Zügle-Weg: Mertingen  Buttenwiesen ( Wertingen),Bewertung mit 2 Rädern, bahn_by.htm#by5_01b
BY 5.04, DB Günztal-Radweg: Westerheim  Ottobeuren,Bewertung mit 2 Rädern, bahn_by.htm#by5_04
BY 5.05, Memmingen  Kardorf und Illerbeuren  Lautrach,Bewertung mit 2 Rädern, bahn_by.htm#by5_05
BY 5.07, Oberhäuser (Bf Röthenbach)  Scheidegg,Bewertung mit 2 Rädern, bahn_by.htm#by5_07
BY 5.08, Oberhäuser (Bf Röthenbach)  Weiler,Bewertung mit 2 Rädern, bahn_by.htm#by5_08
BY 6.01, Dollnstein  Wellheim,Bewertung mit 2 Rädern, bahn_by.htm#by6_01
BY 6.02, Altmühltal-Radweg: Abschnitt Eichstätt  Pfünz u. a.,Bewertung mit 2 Rädern, bahn_by.htm#by6_02
BY 6.06, Langdorf  Isen  Isen-Öd,Bewertung mit 2 Rädern, bahn_by.htm#by6_06
BY 6.08, Wiesmühl  Tittmoning (Salzach),Bewertung mit 2 Rädern, bahn_by.htm#by6_08
BY 6.12, Frasdorf  Rohrdorf,Bewertung mit 2 Rädern, bahn_by.htm#by6_12
BY 7.03a, Donausteg Deggendorf,Bewertung mit 2 Rädern, bahn_by.htm#by7_03a
BY 7.07, Donau-Moldau-Radweg: Obernzell  Wildenranna (ehem. Zahnradbahn),Bewertung mit 2 Rädern, bahn_by.htm#by7_07
BY 7.09, Aidenbach  Vilshofen (Donau),Bewertung mit 2 Rädern, bahn_by.htm#by7_09
BY 7.10, Blindham  Ortenburg,Bewertung mit 2 Rädern, bahn_by.htm#by7_10
BY 7.11, Rotthalmünster  Kirchham-Tutting,Bewertung mit 2 Rädern, bahn_by.htm#by7_11
BY 7.12, Pocking  Kirchham-Tutting,Bewertung mit 2 Rädern, bahn_by.htm#by7_12
BE06, Berlin-Schöneberg: Park am Gleisdreieck,Bewertung mit 2 Rädern, bahn_be.htm#be06
BE07, Teltowkanal,Bewertung mit 2 Rädern, bahn_be.htm#be07
BB02a, Dallmin  Postlin (Gemeinde Karstädt),Bewertung mit 2 Rädern, bahn_bb.htm#bb02a
BB02b, Freyenstein  Wulfersdorf,Bewertung mit 2 Rädern, bahn_bb.htm#bb02b
BB03, Rheinsberg  Flecken Zechlin,Bewertung mit 2 Rädern, bahn_bb.htm#bb03
BB08, Brielow  Roskow (Westhavelländische Kreisbahn),Bewertung mit 2 Rädern, bahn_bb.htm#bb08
BB09, Rathenow  Nauen,Bewertung mit 2 Rädern, bahn_bb.htm#bb09
BB10, Wriezen  Altmädewitz  Neurüdnitz,Bewertung mit 2 Rädern, bahn_bb.htm#bb10
BB11b, Bad Saarow  Silberberg,Bewertung mit 2 Rädern, bahn_bb.htm#bb11b
BB15, Grießen  Forst,Bewertung mit 2 Rädern, bahn_bb.htm#bb15
BB21, Spremberg,Bewertung mit 2 Rädern, bahn_bb.htm#bb21
HB01, Jan-Reiners-Weg: Bremen  Lilienthal-Trupermoor,Bewertung mit 2 Rädern, bahn_hb.htm#hb01
HB02, Grünzug West: Bremen-Walle  Bremen-Oslebshausen,Bewertung mit 2 Rädern, bahn_hb.htm#hb02
HB03, Bremerhaven-Geestemünde  Bremerhaven-Wulsdorf,Bewertung mit 2 Rädern, bahn_hb.htm#hb03
HH01, Tatenberg  Zollenspieker,Bewertung mit 2 Rädern, bahn_hh.htm#hh01
HH02, Bergedorf Süd  Zollenspieker,Bewertung mit 2 Rädern, bahn_hh.htm#hh02
HH03, Zollenspieker  Borghorst,Bewertung mit 2 Rädern, bahn_hh.htm#hh03
HE 1.02, Herborn-Burg  Mittenaar-Offenbach,Bewertung mit 2 Rädern, bahn_he.htm#he1_02
HE 1.03, Westerwaldquerbahn: Rennerod  Herborn-Burg,Bewertung mit 2 Rädern, bahn_he.htm#he1_03
HE 2.01, Carlsbahn: Bad Karlshafen  Trendelburg (Diemeltal),Bewertung mit 2 Rädern, bahn_he.htm#he2_01
HE 2.02, Edermünde-Grifte  Gudensberg,Bewertung mit 2 Rädern, bahn_he.htm#he2_02
HE 2.04, Marburg-Cappel  Ebsdorf,Bewertung mit 2 Rädern, bahn_he.htm#he2_04
HE 2.05, Rabenau  Geilshausen,Bewertung mit 2 Rädern, bahn_he.htm#he2_05
HE 2.07," Hungen  Villingen, Laubach  Laubacher Wald und Mücke",Bewertung mit 2 Rädern, bahn_he.htm#he2_07
HE 3.01, Lohfelden (bei Kassel)  Wellerode,Bewertung mit 2 Rädern, bahn_he.htm#he3_01
HE 4.01, Industriebahnweg Offenbach,Bewertung mit 2 Rädern, bahn_he.htm#he4_01
HE 4.03, Dieburg  Reinheim,Bewertung mit 2 Rädern, bahn_he.htm#he4_03
HE 4.04, Wald-Michelbach  Wahlen,Bewertung mit 2 Rädern, bahn_he.htm#he4_04
MV01, Schönberg  Pötenitz,Bewertung mit 2 Rädern, bahn_mv.htm#mv01
MV02, Ribnitz-Damgarten  Saal,Bewertung mit 2 Rädern, bahn_mv.htm#mv02
MV03, Zingst,Bewertung mit 2 Rädern, bahn_mv.htm#mv03
MV06, (Sanitz ) Reppelin  Bad Sülze,Bewertung mit 2 Rädern, bahn_mv.htm#mv06
MV07," Tessiner Schmalspurbahn (""Rübenbahn"")",Bewertung mit 2 Rädern, bahn_mv.htm#mv07
MV10, Greifswald  Wolgast,Bewertung mit 2 Rädern, bahn_mv.htm#mv10
MV10c, Rosenhagen  Kamp,Bewertung mit 2 Rädern, bahn_mv.htm#mv10c
MV11, Demmin  Altentreptow,Bewertung mit 2 Rädern, bahn_mv.htm#mv11
MV12, Neubrandenburg: Friedländer Gleistrasse im Reitbahnviertel,Bewertung mit 2 Rädern, bahn_mv.htm#mv12
MV13, Radweg Alter Bahndamm: Groß Dratow  Neubrandenburg,Bewertung mit 2 Rädern, bahn_mv.htm#mv13
MV17, Mirow  Vietzen,Bewertung mit 2 Rädern, bahn_mv.htm#mv17
NI 1.01, Emden  Greetsiel,Bewertung mit 2 Rädern, bahn_ni.htm#ni1_01
NI 1.03, Dornum  Esens,Bewertung mit 2 Rädern, bahn_ni.htm#ni1_03
NI 1.05a, Kronshörner Padd: Bockhorn  Zetel  Neuenburg,Bewertung mit 2 Rädern, bahn_ni.htm#ni1_05a
NI 1.06, Ihrhove  Westrhauderfehn,Bewertung mit 2 Rädern, bahn_ni.htm#ni1_06
NI 1.07, Sedelsberg  Friesoythe,Bewertung mit 2 Rädern, bahn_ni.htm#ni1_07
NI 1.08, Kleinbahn-Wanderweg: Bad Zwischenahn  Edewechterdamm,Bewertung mit 2 Rädern, bahn_ni.htm#ni1_08
NI 1.10, Nordenham  Stollhamm,Bewertung mit 2 Rädern, bahn_ni.htm#ni1_10
NI 1.11, Uchte  Steyerberg ( Anschluss Weser-Radweg bei Landesbergen),Bewertung mit 2 Rädern, bahn_ni.htm#ni1_11
NI 1.12, Vechta-Langförden  Vechta,Bewertung mit 2 Rädern, bahn_ni.htm#ni1_12
NI 1.13, Lohne  Dinklage,Bewertung mit 2 Rädern, bahn_ni.htm#ni1_13
NI 1.14, Holdorf  Damme,Bewertung mit 2 Rädern, bahn_ni.htm#ni1_14
NI 1.15, Berge  Menslage  Quakenbrück,Bewertung mit 2 Rädern, bahn_ni.htm#ni1_15
NI 1.16, Spelle  Lünne,Bewertung mit 2 Rädern, bahn_ni.htm#ni1_16
NI 2.03, Neuhaus  Brahlstorf / MV (Kleinbahntrasse),Bewertung mit 2 Rädern, bahn_ni.htm#ni2_03
NI 2.05, Fidi-Boon-Wech: Wittorf  Brockel (in Diskussion:  Rotenburg),Bewertung mit 2 Rädern, bahn_ni.htm#ni2_05
NI 3.02, Rehburg  Klein Heidorn,Bewertung mit 2 Rädern, bahn_ni.htm#ni3_02
NI 3.05, Celle  Wathlingen,Bewertung mit 2 Rädern, bahn_ni.htm#ni3_05
NI 3.07, Braunschweig  Hötzum,Bewertung mit 2 Rädern, bahn_ni.htm#ni3_07
NI 3.08, Schöppenstedt  Eitzum,Bewertung mit 2 Rädern, bahn_ni.htm#ni3_08
NI 3.08a, südl. Helmstedt,Bewertung mit 2 Rädern, bahn_ni.htm#ni3_08a
NI 3.09, Grießem  Groß Berkel,Bewertung mit 2 Rädern, bahn_ni.htm#ni3_09
NI 3.09a, Thüste  Weenzen,Bewertung mit 2 Rädern, bahn_ni.htm#ni3_09a
NI 3.10, Lenne-Freizeitweg: Bodenwerder  Eschershausen,Bewertung mit 2 Rädern, bahn_ni.htm#ni3_10
NI 3.11, Gronau (Leine)  Despetal-Eitzum,Bewertung mit 2 Rädern, bahn_ni.htm#ni3_11
NI 3.11a, Söhre  ehem. Kaligrube Hildesia,Bewertung mit 2 Rädern, bahn_ni.htm#ni3_11a
NI 3.13, Bockenem-Bornum am Harz  Seesen-Bornhausen,Bewertung mit 2 Rädern, bahn_ni.htm#ni3_13
NI 3.16, Uslar  Sohlingen,Bewertung mit 2 Rädern, bahn_ni.htm#ni3_16
NI 3.17, Göttingen  Dransfeld,Bewertung mit 2 Rädern, bahn_ni.htm#ni3_17
NI 3.18, Nörten-Hardenberg  Bovenden-Reyershausen,Bewertung mit 2 Rädern, bahn_ni.htm#ni3_18
NI 3.19, Wulften  Gieboldehausen  Rollshausen ( Worbis),Bewertung mit 2 Rädern, bahn_ni.htm#ni3_19
NI 3.20, Herzberg am Harz  Weißenborn-Lüderode,Bewertung mit 2 Rädern, bahn_ni.htm#ni3_20
NI 3.22a, Gittelde  Bad Grund,Bewertung mit 2 Rädern, bahn_ni.htm#ni3_22a
NW 1.01a, Kleve  Kleve-Griethausen,Bewertung mit 2 Rädern, bahn_nw.htm#nw1_01a
NW 1.01b, Boxteler Bahn: Goch  Xanten,Bewertung mit 2 Rädern, bahn_nw.htm#nw1_01b
NW 1.02a, Viersen-Dülken  Schwalmtal-Waldniel  Brüggen,Bewertung mit 2 Rädern, bahn_nw.htm#nw1_02a
NW 1.03a, Viersen  Grefrath,Bewertung mit 2 Rädern, bahn_nw.htm#nw1_03a
NW 1.03b, Viersen  Kempen,Bewertung mit 2 Rädern, bahn_nw.htm#nw1_03b
NW 1.03c, Viersen  Tönisvorst,Bewertung mit 2 Rädern, bahn_nw.htm#nw1_03c
NW 1.06, Alleenradweg Willich,Bewertung mit 2 Rädern, bahn_nw.htm#nw1_06
NW 1.06a, Mönchengladbach-Rheydt,Bewertung mit 2 Rädern, bahn_nw.htm#nw1_06a
NW 1.13, Helpenstein (Erft)  Rommerskirchen,Bewertung mit 2 Rädern, bahn_nw.htm#nw1_13
NW 2.01, Rees  Mehr,Bewertung mit 2 Rädern, bahn_nw.htm#nw2_01
NW 2.03, Borken  Rhedebrügge,Bewertung mit 2 Rädern, bahn_nw.htm#nw2_03
NW 2.04a, Stadtlohn,Bewertung mit 2 Rädern, bahn_nw.htm#nw2_04a
NW 2.06a, Hervester Grünspange: Zechenbahntrasse Dorsten-Hervest,Bewertung mit 2 Rädern, bahn_nw.htm#nw2_06a
NW 2.10, Ennigerloh  Westkirchen,Bewertung mit 2 Rädern, bahn_nw.htm#nw2_10
NW 2.11, Wiedenbrück  Rheda und Langenberg-Benteler  Lippstadt,Bewertung mit 2 Rädern, bahn_nw.htm#nw2_11
NW 2.12," Zechenbahn ""Westfalen"": Ahlen  Hamm-Haaren",Bewertung mit 2 Rädern, bahn_nw.htm#nw2_12
NW 3.02c, Oberhausen-Borbeck  Knappensiedlung,Bewertung mit 2 Rädern, bahn_nw.htm#nw3_02c
NW 3.03, Oberhausen-Osterfeld  Bottrop-Fuhlenbrock,Bewertung mit 2 Rädern, bahn_nw.htm#nw3_03
NW 3.04, Essen Baldeneysee  Essen-Kupferdreh,Bewertung mit 2 Rädern, bahn_nw.htm#nw3_04
NW 3.05b, Essen-Altendorf  Essen-Borbeck,Bewertung mit 2 Rädern, bahn_nw.htm#nw3_05b
NW 3.06, Essen-Altenessen,Bewertung mit 2 Rädern, bahn_nw.htm#nw3_06
NW 3.08b, Bochum-Leithe: Anschluss Zeche Holland 3/4,Bewertung mit 2 Rädern, bahn_nw.htm#nw3_08b
NW 3.08c, Gelsenkirchen-Ückendorf: Anschluss Bergwerk Rheinelbe,Bewertung mit 2 Rädern, bahn_nw.htm#nw3_08c
NW 3.10b, Gelsenkirchen-Bismarck (ConsolPark),Bewertung mit 2 Rädern, bahn_nw.htm#nw3_10b
NW 3.12, Hugo-Bahntrasse: Gelsenkirchen-Buer  Schalke-Nord,Bewertung mit 2 Rädern, bahn_nw.htm#nw3_12
NW 3.13c, Gelsenkirchen-Resse  Herten,Bewertung mit 2 Rädern, bahn_nw.htm#nw3_13c
NW 3.19, Lothringentrasse: Bochum-Gerthe  Hiltrop  Bochum-Kornharpen,Bewertung mit 2 Rädern, bahn_nw.htm#nw3_19
NW 3.23, Dortmund,Bewertung mit 2 Rädern, bahn_nw.htm#nw3_23
NW 3.23a, Dortmund-Hörde  Dortmund-Asseln,Bewertung mit 2 Rädern, bahn_nw.htm#nw3_23a
NW 3.24, Gneisenau-Trasse: Lünen-Süd  Dortmund-Derne (Zeche Gneisenau),Bewertung mit 2 Rädern, bahn_nw.htm#nw3_24
NW 3.25, Werne-Stockum  Bergkamen,Bewertung mit 2 Rädern, bahn_nw.htm#nw3_25
NW 3.29, Pengel-Anton-Radweg: Brilon  Möhnetal,Bewertung mit 2 Rädern, bahn_nw.htm#nw3_29
NW 4.02, Mülheim-Styrum  Mülheim-Saarn,Bewertung mit 2 Rädern, bahn_nw.htm#nw4_02
NW 4.05b, Witten-Bommern  Albringhausen (im Planung:  Gevelsberg),Bewertung mit 2 Rädern, bahn_nw.htm#nw4_05b
NW 4.10a," ""Bergbahntrasse"": Solingen  Müngsten",Bewertung mit 2 Rädern, bahn_nw.htm#nw4_10a
NW 4.12, Radweg Bergerhofer Bahntrasse: Radevormwald  Kräwinkel,Bewertung mit 2 Rädern, bahn_nw.htm#nw4_12
NW 4.16a, Rheinboulevard Köln-Mülheim Süd,Bewertung mit 2 Rädern, bahn_nw.htm#nw4_16a
NW 4.17, Rösrath  Bensberg,Bewertung mit 2 Rädern, bahn_nw.htm#nw4_17
NW 4.17a, Overath-Brombach  Lindlar,Bewertung mit 2 Rädern, bahn_nw.htm#nw4_17a
NW 4.19, Alleenradweg Siegburg  Lohmar,Bewertung mit 2 Rädern, bahn_nw.htm#nw4_19
NW 4.24a, Hälvertalbahn: Schalksmühle  Halver (Teilstücke der Strecke),Bewertung mit 2 Rädern, bahn_nw.htm#nw4_24a
NW 4.24b, Plettenberg-Dankelmert  Wiesenthal,Bewertung mit 2 Rädern, bahn_nw.htm#nw4_24b
NW 5.03, Enger  Jöllenbeck,Bewertung mit 2 Rädern, bahn_nw.htm#nw5_03
NW 5.06, Blomberg  Schieder,Bewertung mit 2 Rädern, bahn_nw.htm#nw5_06
NW 5.07, Rheda-Wiedenbrück  Delbrück ( Schloss Neuhaus),Bewertung mit 2 Rädern, bahn_nw.htm#nw5_07
NW 5.09, Warburg  Welda,Bewertung mit 2 Rädern, bahn_nw.htm#nw5_09
NW 5.10, Beverungen  Dalhausen,Bewertung mit 2 Rädern, bahn_nw.htm#nw5_10
RP 1.02, Dümpelfeld  Adenau,Bewertung mit 2 Rädern, bahn_rp.htm#rp1_02
RP 1.09, Bähnchentrasse: Philippsheim  Binsfeld,Bewertung mit 2 Rädern, bahn_rp.htm#rp1_09
RP 1.10, Kyllradweg (verschiedene kurze Abschnitte),Bewertung mit 2 Rädern, bahn_rp.htm#rp1_10
RP 1.13, Kempenich  Weibern,Bewertung mit 2 Rädern, bahn_rp.htm#rp1_13
RP 2.01b, Moselbahn: Abschnitt Leiwen  Neumagen-Dhron,Bewertung mit 2 Rädern, bahn_rp.htm#rp2_01b
RP 2.03, Birkenfeld  Neubrücke / Hoppstädten-Weiersbach (Teilstück des Naheradwegs),Bewertung mit 2 Rädern, bahn_rp.htm#rp2_03
RP 3.01, Selztalradweg: Abschnitt Ingelheim  Schwabenheim an der Selz,Bewertung mit 2 Rädern, bahn_rp.htm#rp3_01
RP 3.04," Köngernheim  Nierstein-Oppenheim (""Valtinchen"")",Bewertung mit 2 Rädern, bahn_rp.htm#rp3_04
RP 3.12, Worms-Abenheim  Worms-Neuhausen,Bewertung mit 2 Rädern, bahn_rp.htm#rp3_12
RP 3.13, Wiesoppenheim  Worms,Bewertung mit 2 Rädern, bahn_rp.htm#rp3_13
RP 3.15, Zweibrücken  Hornbach ( Volmunster),Bewertung mit 2 Rädern, bahn_rp.htm#rp3_15
RP 4.01, Hennef (Sieg)  Asbach (Westerwald),Bewertung mit 2 Rädern, bahn_rp.htm#rp4_01
RP 4.02, Wiedmühle  Mettelshahn,Bewertung mit 2 Rädern, bahn_rp.htm#rp4_02
RP 4.03, Asdorftal-Radwanderweg: Kirchen (Sieg)  Oberasdorf (Freudenberg),Bewertung mit 2 Rädern, bahn_rp.htm#rp4_03
RP 4.06, Höhr-Grenzhausen  Hillscheid,Bewertung mit 2 Rädern, bahn_rp.htm#rp4_06
SL01, Wadern-Lockweiler  Primstal,Bewertung mit 2 Rädern, bahn_sl.htm#sl01
SL01a, Prims-Theel-Erlebnisweg: Primsweiler  Lebach-Jabach,Bewertung mit 2 Rädern, bahn_sl.htm#sl01a
SL04, Köllertal-Radweg: Heusweiler  Völklingen,Bewertung mit 2 Rädern, bahn_sl.htm#sl04
SN 1.01, Elster-Saale-Radweg: Leipzig-Grünau  Rippach,Bewertung mit 2 Rädern, bahn_sn.htm#sn1_01
SN 1.02, Leipzig: Anger-Crottendorfer Bahnschneise,Bewertung mit 2 Rädern, bahn_sn.htm#sn1_02
SN 1.02a, Leipzig-Plagwitz: Grüne Gleise,Bewertung mit 2 Rädern, bahn_sn.htm#sn1_02a
SN 1.03, Groitzsch  Zwenkau,Bewertung mit 2 Rädern, bahn_sn.htm#sn1_03
SN 1.07, Frohburg  Kohren-Sahlis,Bewertung mit 2 Rädern, bahn_sn.htm#sn1_07
SN 1.08, Döbeln-Gärtitz  Lommatzsch (Teilstücke der Strecke),Bewertung mit 2 Rädern, bahn_sn.htm#sn1_08
SN 1.09, Oschatz  Strehla,Bewertung mit 2 Rädern, bahn_sn.htm#sn1_09
SN 2.01, Mylau  Lengenfeld,Bewertung mit 2 Rädern, bahn_sn.htm#sn2_01
SN 2.02, Unterheinsdorf  Hauptmannsgrün,Bewertung mit 2 Rädern, bahn_sn.htm#sn2_02
SN 2.03, Vogtland-Radweg: Falkenstein  Oelsnitz,Bewertung mit 2 Rädern, bahn_sn.htm#sn2_03
SN 2.04, Mülsengrundbahn: Niedermülsen  Ortmannsdorf,Bewertung mit 2 Rädern, bahn_sn.htm#sn2_04
SN 2.09a, Waldheim  Geringswalde (geplant:  Rochlitz),Bewertung mit 2 Rädern, bahn_sn.htm#sn2_09a
SN 2.11, Striegistalradweg: Hainichen  Roßwein,Bewertung mit 2 Rädern, bahn_sn.htm#sn2_11
SN 2.12, Hetzdorfer Viadukt (bei Flöha),Bewertung mit 2 Rädern, bahn_sn.htm#sn2_12
SN 2.14, Thumer Schmalspurnetz: Schönfeld-Wiesa  Meinersdorf (mehrere Teilstücke),Bewertung mit 2 Rädern, bahn_sn.htm#sn2_14
SN 2.17, Walthersdorf  Crottendorf,Bewertung mit 2 Rädern, bahn_sn.htm#sn2_17
SN 2.18, Annaberg-Buchholz  Bärenstein-Kühberg,Bewertung mit 2 Rädern, bahn_sn.htm#sn2_18
SN 2.22, ehem. Bf Voigtsdorf  Friedebach [bei Sayda],Bewertung mit 2 Rädern, bahn_sn.htm#sn2_22
SN 3.01, Robschütz  Käbschütz ( Mertitz),Bewertung mit 2 Rädern, bahn_sn.htm#sn3_01
SN 3.02a, Wilsdruffer Schmalspurnetz: Wilsdruff  Semmelsberg,Bewertung mit 2 Rädern, bahn_sn.htm#sn3_02a
SN 3.03b, Halsbrücke  Tuttendorf,Bewertung mit 2 Rädern, bahn_sn.htm#sn3_03b
SN 3.05, Berggießhübel  Gottleuba,Bewertung mit 2 Rädern, bahn_sn.htm#sn3_05
SN 3.08, Taubenheim  Dürrhennersdorf,Bewertung mit 2 Rädern, bahn_sn.htm#sn3_08
ST 1.01, Salzwedel  Steinitz,Bewertung mit 2 Rädern, bahn_st.htm#st1_01
ST 1.03, Gardelegen Nord  Wernstedt,Bewertung mit 2 Rädern, bahn_st.htm#st1_03
ST 1.04, Goldbeck  Werben (Elbe),Bewertung mit 2 Rädern, bahn_st.htm#st1_04
ST 1.05, Neuermark-Lübars  Sandau (Elbe),Bewertung mit 2 Rädern, bahn_st.htm#st1_05
ST 1.05a, Genthin  Jerichow,Bewertung mit 2 Rädern, bahn_st.htm#st1_05a
ST 1.08, ehem. Anschlussbahn Magdeburg-Buckau,Bewertung mit 2 Rädern, bahn_st.htm#st1_08
ST 1.09, Magdeburg-Cracau  Biederitz,Bewertung mit 2 Rädern, bahn_st.htm#st1_09
ST 1.11, Burg  Grabow und Küsel  Magdeburgerforth  Schopsdorf,Bewertung mit 2 Rädern, bahn_st.htm#st1_11
ST 1.16, Vogelsdorf  Dingelstedt,Bewertung mit 2 Rädern, bahn_st.htm#st1_16
ST 2.01, Brunnenbachsmühle  Tanne,Bewertung mit 2 Rädern, bahn_st.htm#st2_01
ST 2.02, Rübelandbahn: Tanne  Königshütte (Harz),Bewertung mit 2 Rädern, bahn_st.htm#st2_02
ST 2.03, Berga  Artern,Bewertung mit 2 Rädern, bahn_st.htm#st2_03
ST 2.07," Halle (Saale): Hafenbahn / ""Grüne Trasse""",Bewertung mit 2 Rädern, bahn_st.htm#st2_07
ST 2.08, Braunsbedra  Roßbach,Bewertung mit 2 Rädern, bahn_st.htm#st2_08
SH 1.02, Westerland  Hörnum,Bewertung mit 2 Rädern, bahn_sh.htm#sh1_02
SH 1.03, Schleswig  Satrup,Bewertung mit 2 Rädern, bahn_sh.htm#sh1_03
SH 1.04, Radwanderweg Alte Kreisbahntrasse: Schleswig  Süderbrarup,Bewertung mit 2 Rädern, bahn_sh.htm#sh1_04
SH 1.06, Owschlag  Eckernförde,Bewertung mit 2 Rädern, bahn_sh.htm#sh1_06
SH 1.07, Süderstapel  Rendsburg,Bewertung mit 2 Rädern, bahn_sh.htm#sh1_07
SH 1.08, Teilstücke der Kreisbahn Norderdithmarschen,Bewertung mit 2 Rädern, bahn_sh.htm#sh1_08
SH 2.01a, Kiel: Veloroute 10 auf dem Gütergleis West,Bewertung mit 2 Rädern, bahn_sh.htm#sh2_01a
SH 2.02, Sieversdorf  Preetz,Bewertung mit 2 Rädern, bahn_sh.htm#sh2_02
SH 2.04, Blunk  Bad Segeberg,Bewertung mit 2 Rädern, bahn_sh.htm#sh2_04
SH 2.06, BahnRadWege Route B: Bad Oldesloe  Trittau,Bewertung mit 2 Rädern, bahn_sh.htm#sh2_06
SH 2.09, Siebenbäumen  Berkenthin,Bewertung mit 2 Rädern, bahn_sh.htm#sh2_09
SH 2.11, Mölln  Bf Hollenbek,Bewertung mit 2 Rädern, bahn_sh.htm#sh2_11
SH 2.12, Lütjenbrode  Heiligenhafen,Bewertung mit 2 Rädern, bahn_sh.htm#sh2_12
SH 2.13a, (Burg auf Fehmarn ) Petersdorf auf Fehmarn  Landkirchen auf Fehmarn,Bewertung mit 2 Rädern, bahn_sh.htm#sh2_13a
TH01, Heiligenstadt Ost  Dieterode,Bewertung mit 2 Rädern, bahn_th.htm#th01
TH01b," Schachtweg ""Glück auf"": Bischofferode",Bewertung mit 2 Rädern, bahn_th.htm#th01b
TH03, Unstrut-Werra-Radweg: Treffurt  Mühlhausen,Bewertung mit 2 Rädern, bahn_th.htm#th03
TH04, Werratal-Radweg: Wanfried  Treffurt  Creuzburg,Bewertung mit 2 Rädern, bahn_th.htm#th04
TH05, Landweg Thüringer Becken (ehemals Spargelroute): Herbsleben  Straußfurt,Bewertung mit 2 Rädern, bahn_th.htm#th05
TH07, Nessetal-Radweg: Eisenach-Kindel  Warza,Bewertung mit 2 Rädern, bahn_th.htm#th07
TH12, Friedrichroda  Georgenthal,Bewertung mit 2 Rädern, bahn_th.htm#th12
TH13, Georgenthal  Tambach-Dietharz,Bewertung mit 2 Rädern, bahn_th.htm#th13
TH14, Feldatal-Radweg: (Dorndorf ) Weilar  Kaltennordheim,Bewertung mit 2 Rädern, bahn_th.htm#th14
TH16, Hildburghausen  nördl. Simmershausen,Bewertung mit 2 Rädern, bahn_th.htm#th16
TH17, Pressig  Tettau,Bewertung mit 2 Rädern, bahn_th.htm#th17
TH18, Föritz  Neuhaus-Schierschnitz,Bewertung mit 2 Rädern, bahn_th.htm#th18
TH21, Bahnhof Rennsteig  Frauenwald,Bewertung mit 2 Rädern, bahn_th.htm#th21
TH28, Laura Radweg: Großrudestedt  Weimar,Bewertung mit 2 Rädern, bahn_th.htm#th28
TH41, Meuselwitz  Lucka,Bewertung mit 2 Rädern, bahn_th.htm#th41
BW 1.01, Schönau  Neckarsteinach,Bewertung mit einem Rad, bahn_bw.htm#bw1_01
BW 1.02, Heidelberg  Schwetzingen,Bewertung mit einem Rad, bahn_bw.htm#bw1_02
BW 1.03, Brühl  Ketsch,Bewertung mit einem Rad, bahn_bw.htm#bw1_03
BW 1.05, Wiesloch  Waldangelloch,Bewertung mit einem Rad, bahn_bw.htm#bw1_05
BW 1.07, Hardtbahn: Karlsruhe-Weststadt  Eggenstein-Leopoldshafen  Graben-Neudorf,Bewertung mit einem Rad, bahn_bw.htm#bw1_07
BW 1.07a," Karlsruhe: ""verlängerter Rußweg""",Bewertung mit einem Rad, bahn_bw.htm#bw1_07a
BW 1.10a," Traventinpark: Stuttgart, Vorstadt Bad Cannstatt",Bewertung mit einem Rad, bahn_bw.htm#bw1_10a
BW 1.10b, Neuhausen  Ostfildern-Nellingen,Bewertung mit einem Rad, bahn_bw.htm#bw1_10b
BW 1.12a, Neuried-Altenheim  Schutterwald,Bewertung mit einem Rad, bahn_bw.htm#bw1_12a
BW 1.12c, Ottenheim  Lahr,Bewertung mit einem Rad, bahn_bw.htm#bw1_12c
BW 1.12d, Rheinmünster-Schwarzach  Lichtenau,Bewertung mit einem Rad, bahn_bw.htm#bw1_12d
BW 1.13, Lahr(Schwarzw)  Lahr Stadtbahnhof,Bewertung mit einem Rad, bahn_bw.htm#bw1_13
BW 1.13a, Ettenheim-Münchweier,Bewertung mit einem Rad, bahn_bw.htm#bw1_13a
BW 1.15a, Marbach (Baden)  Bad Dürrheim,Bewertung mit einem Rad, bahn_bw.htm#bw1_15a
BW 1.18, Müllheim  Badenweiler,Bewertung mit einem Rad, bahn_bw.htm#bw1_18
BW 1.18a, Freiburg im Breisgau: alte Streckenführung der Höllentalbahn,Bewertung mit einem Rad, bahn_bw.htm#bw1_18a
BW 1.19, Lörrach,Bewertung mit einem Rad, bahn_bw.htm#bw1_19
BW 1.20, Waldshut-Tiengen,Bewertung mit einem Rad, bahn_bw.htm#bw1_20
BW 2.03, Unterschefflenz  Billigheim,Bewertung mit einem Rad, bahn_bw.htm#bw2_03
BW 2.12, (Reutlingen-Betzingen ) RT-Bronnweiler  RT-Gönningen,Bewertung mit einem Rad, bahn_bw.htm#bw2_12
BW 2.13a, Reutlingen Südbahnhof  Eningen unter Achalm,Bewertung mit einem Rad, bahn_bw.htm#bw2_13a
BW 2.16, Laupheim  Schwendi,Bewertung mit einem Rad, bahn_bw.htm#bw2_16
BW 2.18, Friedrichhafen-Meisterhofen  Kappelhof,Bewertung mit einem Rad, bahn_bw.htm#bw2_18
BW 2.18a, Baienfurt,Bewertung mit einem Rad, bahn_bw.htm#bw2_18a
BW 2.20, Konstanz,Bewertung mit einem Rad, bahn_bw.htm#bw2_20
BY 1.04, Mömlingen,Bewertung mit einem Rad, bahn_by.htm#by1_04
BY 1.09, Maßbach  Rothhausen,Bewertung mit einem Rad, bahn_by.htm#by1_09
BY 1.10, Kitzingen: Mainländebahn,Bewertung mit einem Rad, bahn_by.htm#by1_10
BY 2.02, Itzgrundbahn: Rossach  Großheirath und Untersiemau-Meschenbach  Creidlitz,Bewertung mit einem Rad, bahn_by.htm#by2_02
BY 2.03, Lautertal (MTB),Bewertung mit einem Rad, bahn_by.htm#by2_03
BY 2.05, Weißenbrunn  Reuth,Bewertung mit einem Rad, bahn_by.htm#by2_05
BY 2.10, Memmelsdorf  Straßgiech,Bewertung mit einem Rad, bahn_by.htm#by2_10
BY 3.03a, Fürth: Flugplatzbahn,Bewertung mit einem Rad, bahn_by.htm#by3_03a
BY 4.02a, Mitterteich,Bewertung mit einem Rad, bahn_by.htm#by4_02a
BY 4.09a, Nittenau  Nittenau-Lichtenhaid,Bewertung mit einem Rad, bahn_by.htm#by4_09a
BY 4.12, Bach bei Donaustauf,Bewertung mit einem Rad, bahn_by.htm#by4_12
BY 5.04a, Ungerhausen,Bewertung mit einem Rad, bahn_by.htm#by5_04a
BY 6.03a, Ingolstadt,Bewertung mit einem Rad, bahn_by.htm#by6_03a
BY 6.04, Geisenfeld (bei Ingolstadt),Bewertung mit einem Rad, bahn_by.htm#by6_04
BY 6.05, Isartalbahn-Radweg: München-Thalkirchen  Solln/Pullach,Bewertung mit einem Rad, bahn_by.htm#by6_05
BY 6.05b," Pasing, ehem. Gleisanschluss Papierfabrik",Bewertung mit einem Rad, bahn_by.htm#by6_05b
BY 6.05d, Dachau,Bewertung mit einem Rad, bahn_by.htm#by6_05d
BY 6.05e, München: Englischer Garten,Bewertung mit einem Rad, bahn_by.htm#by6_05e
BY 6.06a, Wasserburg (Inn),Bewertung mit einem Rad, bahn_by.htm#by6_06a
BY 6.08a, Burghausen,Bewertung mit einem Rad, bahn_by.htm#by6_08a
BY 6.09a, Penzberg: nördliche Zufahrt zum Gbf,Bewertung mit einem Rad, bahn_by.htm#by6_09a
BY 6.10, Schaftlach  Grube Marienstein,Bewertung mit einem Rad, bahn_by.htm#by6_10
BY 6.11a, Gervais-Brücke: Rosenheim,Bewertung mit einem Rad, bahn_by.htm#by6_11a
BY 6.14, Berchtesgaden  Königssee,Bewertung mit einem Rad, bahn_by.htm#by6_14
BY 7.03, Metten,Bewertung mit einem Rad, bahn_by.htm#by7_03
BE01, Berlin-Kreuzberg: Görlitzer Bahn,Bewertung mit einem Rad, bahn_be.htm#be01
BE02, Berlin-Köpenick: Anschlussgleis Spindlersfeld,Bewertung mit einem Rad, bahn_be.htm#be02
BE03, Berlin-Lichtenberg: Landschaftspark Herzberge / Anschluss Röder,Bewertung mit einem Rad, bahn_be.htm#be03
BE04, Berlin: ehem. Nordbahnhof,Bewertung mit einem Rad, bahn_be.htm#be04
BE05, Berlin-Weißensee: ehem. Niederbarnimer Eisenbahn,Bewertung mit einem Rad, bahn_be.htm#be05
BE08, Hakenfelde,Bewertung mit einem Rad, bahn_be.htm#be08
BE11, Berlin-Marienfelde,Bewertung mit einem Rad, bahn_be.htm#be11
BB01," Dömitz (MV)  Wittenberge, bei Polz als ""Radweg Bahnroute""",Bewertung mit einem Rad, bahn_bb.htm#bb01
BB01a, Wittenberge,Bewertung mit einem Rad, bahn_bb.htm#bb01a
BB02," Kleinbahnroute (ehem. Westprignitzer Kreiskleinbahnen, ""Pollo"")",Bewertung mit einem Rad, bahn_bb.htm#bb02
BB02c, Rehfeld  Kyritz,Bewertung mit einem Rad, bahn_bb.htm#bb02c
BB02d, Perleberg  Viesecke,Bewertung mit einem Rad, bahn_bb.htm#bb02d
BB07, Tantow  Gartz (Oder),Bewertung mit einem Rad, bahn_bb.htm#bb07
BB08b, Zitz  Karow,Bewertung mit einem Rad, bahn_bb.htm#bb08b
BB08c, Plaue  Brandenburg,Bewertung mit einem Rad, bahn_bb.htm#bb08c
BB11d, Neuenhagen  Altlandsberg,Bewertung mit einem Rad, bahn_bb.htm#bb11d
BB12, Wiesenau (südl. Frankfurt Oder),Bewertung mit einem Rad, bahn_bb.htm#bb12
BB12a, Frankfurt (Oder),Bewertung mit einem Rad, bahn_bb.htm#bb12a
BB13c, Thyrow  Nunsdorf,Bewertung mit einem Rad, bahn_bb.htm#bb13c
BB14c, südl. Vetschau,Bewertung mit einem Rad, bahn_bb.htm#bb14c
BB17a, Lauchhammer Nord  Lauchhammer Ost,Bewertung mit einem Rad, bahn_bb.htm#bb17a
BB17b, Lauchhammer Ost  Kostebrau Kreuzung L 60,Bewertung mit einem Rad, bahn_bb.htm#bb17b
BB18, Annahütte  Schipkau  Hörlitz,Bewertung mit einem Rad, bahn_bb.htm#bb18
BB18a, Annahütte,Bewertung mit einem Rad, bahn_bb.htm#bb18a
BB19, Kleinkoschen,Bewertung mit einem Rad, bahn_bb.htm#bb19
HB04, Bremerhaven-Wulsdorf,Bewertung mit einem Rad, bahn_hb.htm#hb04
HH05, Wilhelmsburg,Bewertung mit einem Rad, bahn_hh.htm#hh05
HE 1.01, Breidenbach  Niedereisenhausen,Bewertung mit einem Rad, bahn_he.htm#he1_01
HE 2.02a, Nassenerfurth  Dilich,Bewertung mit einem Rad, bahn_he.htm#he2_02a
HE 2.06, Grünberg  Queckborn,Bewertung mit einem Rad, bahn_he.htm#he2_06
HE 2.12, Biebergemünd-Roßbach  Bieber,Bewertung mit einem Rad, bahn_he.htm#he2_12
HE 2.13, Gelnhausen-Hailer  Freigericht-Altenmittlau,Bewertung mit einem Rad, bahn_he.htm#he2_13
HE 2.16, Frankfurt: Seckbach  Bergen,Bewertung mit einem Rad, bahn_he.htm#he2_16
HE 2.18, Pohl-Göns  Ebersgöns,Bewertung mit einem Rad, bahn_he.htm#he2_18
HE 3.02, Gelster-Radweg: Witzenhausen  Hundelshausen,Bewertung mit einem Rad, bahn_he.htm#he3_02
HE 4.01a, Hafenbahn Offenbach,Bewertung mit einem Rad, bahn_he.htm#he4_01a
HE 4.02, Goddelau  Weiterstadt-Riedbahn,Bewertung mit einem Rad, bahn_he.htm#he4_02
HE 4.03a, Roßdorf,Bewertung mit einem Rad, bahn_he.htm#he4_03a
HE 4.05, Beerfelden-Hetzbach  Beerfelden,Bewertung mit einem Rad, bahn_he.htm#he4_05
MV04a, Franzburg,Bewertung mit einem Rad, bahn_mv.htm#mv04a
MV05a, Bützow: alte Streckenführung,Bewertung mit einem Rad, bahn_mv.htm#mv05a
MV07a, Dölitz  Samow,Bewertung mit einem Rad, bahn_mv.htm#mv07a
MV08, Tribsees  Grimmen  Wackerow (NW Greifswald),Bewertung mit einem Rad, bahn_mv.htm#mv08
MV09a, (Zirmoisel ) Trent  Wittower Fähre,Bewertung mit einem Rad, bahn_mv.htm#mv09a
MV09b, Wiek  Altenkirchen,Bewertung mit einem Rad, bahn_mv.htm#mv09b
MV09c, Abzweig Buhrkow  Kuhle,Bewertung mit einem Rad, bahn_mv.htm#mv09c
MV10a, Kemnitz  Kühlenhagen,Bewertung mit einem Rad, bahn_mv.htm#mv10a
MV10d, Klein Schönwalde  Grubenhagen,Bewertung mit einem Rad, bahn_mv.htm#mv10d
MV11a, Demmin  Tutow,Bewertung mit einem Rad, bahn_mv.htm#mv11a
MV11b, südl. Malchin,Bewertung mit einem Rad, bahn_mv.htm#mv11b
MV11c, südl. Jarmen,Bewertung mit einem Rad, bahn_mv.htm#mv11c
MV14a, Kratzeburg,Bewertung mit einem Rad, bahn_mv.htm#mv14a
MV15, Pasewalk  Schönfeld,Bewertung mit einem Rad, bahn_mv.htm#mv15
MV16a, Radweg Casekow-Penkun-Oder/Stettin (CPO): Casekow  Ladenthin,Bewertung mit einem Rad, bahn_mv.htm#mv16a
NI 1.05, Hafenbahn Varel,Bewertung mit einem Rad, bahn_ni.htm#ni1_05
NI 1.09, Bahndamm-Verbindungsweg: (Oldenburg )Großenmeer  Brake,Bewertung mit einem Rad, bahn_ni.htm#ni1_09
NI 1.09a, Oldenburg: Ewald-Sander-Padd (Anschlussgleis ehem. Fliegerhorst),Bewertung mit einem Rad, bahn_ni.htm#ni1_09a
NI 1.11a, Uchte  Nendorf,Bewertung mit einem Rad, bahn_ni.htm#ni1_11a
NI 2.01, Kakenstorf  Sprötze,Bewertung mit einem Rad, bahn_ni.htm#ni2_01
NI 2.02, Vögelsen (NW Lüneburg),Bewertung mit einem Rad, bahn_ni.htm#ni2_02
NI 2.06, Rühen,Bewertung mit einem Rad, bahn_ni.htm#ni2_06
NI 2.07, Neuenkirchen und Soltau,Bewertung mit einem Rad, bahn_ni.htm#ni2_07
NI 3.02a, Bückeburg  Bad Eilsen,Bewertung mit einem Rad, bahn_ni.htm#ni3_02a
NI 3.03, Bad Nenndorf,Bewertung mit einem Rad, bahn_ni.htm#ni3_03
NI 3.03a, Hannover: Ohedamm,Bewertung mit einem Rad, bahn_ni.htm#ni3_03a
NI 3.04, Burgdorf  Hänigsen,Bewertung mit einem Rad, bahn_ni.htm#ni3_04
NI 3.04a, Lehrte: alte Streckenführung in Richtung Hildesheim,Bewertung mit einem Rad, bahn_ni.htm#ni3_04a
NI 3.04b, Clauen  Hohenhameln  Bekum,Bewertung mit einem Rad, bahn_ni.htm#ni3_04b
NI 3.05a, Celle: Westercelle  Altencelle,Bewertung mit einem Rad, bahn_ni.htm#ni3_05a
NI 3.05b, Celle-Wietzenbruch,Bewertung mit einem Rad, bahn_ni.htm#ni3_05b
NI 3.07a, Winnigstedt,Bewertung mit einem Rad, bahn_ni.htm#ni3_07a
NI 3.08c, südöstlich von Jerxheim,Bewertung mit einem Rad, bahn_ni.htm#ni3_08c
NI 3.10a, Dassel  Einbeck-Juliusmühle,Bewertung mit einem Rad, bahn_ni.htm#ni3_10a
NI 3.15, Immenrode  Vienenburg,Bewertung mit einem Rad, bahn_ni.htm#ni3_15
NI 3.16a, Bodenfelde (Hafenbahn),Bewertung mit einem Rad, bahn_ni.htm#ni3_16a
NI 3.21, Gartetalbahn: Göttingen Gartemühle  Gleichen-Rittmarshausen,Bewertung mit einem Rad, bahn_ni.htm#ni3_21
NI 3.22, Kalefeld und Willershausen  Westerhof,Bewertung mit einem Rad, bahn_ni.htm#ni3_22
NI 3.23, Bad Lauterberg  Odertal,Bewertung mit einem Rad, bahn_ni.htm#ni3_23
NI 3.25, Friedland  Niedergandern,Bewertung mit einem Rad, bahn_ni.htm#ni3_25
NW 1.01c, Wachtendonk,Bewertung mit einem Rad, bahn_nw.htm#nw1_01c
NW 1.04a, Krefeld  Traar,Bewertung mit einem Rad, bahn_nw.htm#nw1_04a
NW 1.05, Duisburg-Rheinhausen  Duisburg-Trompet,Bewertung mit einem Rad, bahn_nw.htm#nw1_05
NW 1.05a, Düsseldorf-Heerdt,Bewertung mit einem Rad, bahn_nw.htm#nw1_05a
NW 1.05b, Diergardttrasse: Duisburg-Winkelhausen  Duisburg-Werthausen,Bewertung mit einem Rad, bahn_nw.htm#nw1_05b
NW 1.05c, Duisburg-Homberg,Bewertung mit einem Rad, bahn_nw.htm#nw1_05c
NW 1.05d, Duisburg: ehem. Werksbahn zur Rockelsberghalde,Bewertung mit einem Rad, bahn_nw.htm#nw1_05d
NW 1.06b, Neuss: alte Trassenführung der Strecke nach Neersen,Bewertung mit einem Rad, bahn_nw.htm#nw1_06b
NW 1.07a, Stolberg: Stichbahn nach Münsterbusch,Bewertung mit einem Rad, bahn_nw.htm#nw1_07a
NW 1.07b, Aachen und Umland: Teilstücke des ehem. Straßenbahnnetzes,Bewertung mit einem Rad, bahn_nw.htm#nw1_07b
NW 1.08a, Herzogenrath-Kohlscheid und Würselen-Morsbach,Bewertung mit einem Rad, bahn_nw.htm#nw1_08a
NW 1.08b, Aachen: Geh- und Radweg Großstück,Bewertung mit einem Rad, bahn_nw.htm#nw1_08b
NW 1.10, Güterbahnhof Alsdorf (Grube Anna)  Grube Adolf bei Merkstein,Bewertung mit einem Rad, bahn_nw.htm#nw1_10
NW 1.12, Baal  Linnich,Bewertung mit einem Rad, bahn_nw.htm#nw1_12
NW 1.14, Blatzheim  Kerpen ( Horrem),Bewertung mit einem Rad, bahn_nw.htm#nw1_14
NW 1.15, Schwarze Bahn: Köln-Klettenberg,Bewertung mit einem Rad, bahn_nw.htm#nw1_15
NW 1.15a, Köln-Merkenich,Bewertung mit einem Rad, bahn_nw.htm#nw1_15a
NW 1.16, Bonn-Endenich: Wesselbahnweg,Bewertung mit einem Rad, bahn_nw.htm#nw1_16
NW 2.02, Empel-Rees,Bewertung mit einem Rad, bahn_nw.htm#nw2_02
NW 2.02a, Isselburg-Werth,Bewertung mit einem Rad, bahn_nw.htm#nw2_02a
NW 2.04, Borken  Borken-Weseke,Bewertung mit einem Rad, bahn_nw.htm#nw2_04
NW 2.05a, Teilstücke der Bahnstrecke Borken  Coesfeld: Velen-Ramsdorf,Bewertung mit einem Rad, bahn_nw.htm#nw2_05a
NW 2.05b, Teilstücke der Bahnstrecke Borken  Coesfeld: Coesfeld-Klye  Goxel,Bewertung mit einem Rad, bahn_nw.htm#nw2_05b
NW 2.08a, Ahaus,Bewertung mit einem Rad, bahn_nw.htm#nw2_08a
NW 2.13, Bork  Selm-Beifang,Bewertung mit einem Rad, bahn_nw.htm#nw2_13
NW 2.14, Münster: York-Ring  Zentrum Nord,Bewertung mit einem Rad, bahn_nw.htm#nw2_14
NW 2.15, Kohlenbahntrasse Hamm,Bewertung mit einem Rad, bahn_nw.htm#nw2_15
NW 3.02a, Duisburg: Skulpturenpfad Marxloh,Bewertung mit einem Rad, bahn_nw.htm#nw3_02a
NW 3.02d, Oberhausen: Styrumer Allee,Bewertung mit einem Rad, bahn_nw.htm#nw3_02d
NW 3.02e, Oberhausen: Rolanddamm,Bewertung mit einem Rad, bahn_nw.htm#nw3_02e
NW 3.05a, Essen-Steele Ost  Essen-Freisenbruch,Bewertung mit einem Rad, bahn_nw.htm#nw3_05a
NW 3.06a, Essen-Altenessen: parallel zur Kolpingstraße,Bewertung mit einem Rad, bahn_nw.htm#nw3_06a
NW 3.06b, Essen-Altenessen: Bf Altenessen  Stauderkreisel,Bewertung mit einem Rad, bahn_nw.htm#nw3_06b
NW 3.06c, Essen-Altenessen: südlich der Schonnefeldstraße,Bewertung mit einem Rad, bahn_nw.htm#nw3_06c
NW 3.06d, Essen-Bochold: Anschluss Zeche Wolfsbank u. a.,Bewertung mit einem Rad, bahn_nw.htm#nw3_06d
NW 3.06e, Kruppsche Ringbahn,Bewertung mit einem Rad, bahn_nw.htm#nw3_06e
NW 3.06g, Essen: Krupp-Park,Bewertung mit einem Rad, bahn_nw.htm#nw3_06g
NW 3.07b," Essen, westl. Nordsternpark",Bewertung mit einem Rad, bahn_nw.htm#nw3_07b
NW 3.08a, Gelsenkirchen-Ückendorf  Gelsenkirchen (östl. des Hbf),Bewertung mit einem Rad, bahn_nw.htm#nw3_08a
NW 3.09a, Bochum: rund um die Zeche Hannover,Bewertung mit einem Rad, bahn_nw.htm#nw3_09a
NW 3.09c, Bochum-Höntrop,Bewertung mit einem Rad, bahn_nw.htm#nw3_09c
NW 3.10a, Gelsenkirchen-Schalke,Bewertung mit einem Rad, bahn_nw.htm#nw3_10a
NW 3.11a, Bottrop-Batenbrock,Bewertung mit einem Rad, bahn_nw.htm#nw3_11a
NW 3.11b," Essen-Karnap: rund um ""Oberland-Glas""",Bewertung mit einem Rad, bahn_nw.htm#nw3_11b
NW 3.11d, Bottrop,Bewertung mit einem Rad, bahn_nw.htm#nw3_11d
NW 3.11e, Bottrop: Thiathildweg,Bewertung mit einem Rad, bahn_nw.htm#nw3_11e
NW 3.13a, Gelsenkirchen-Erle: ehem. Verbindungsbahn Graf Bismarck 2/6/9 zu 3/5,Bewertung mit einem Rad, bahn_nw.htm#nw3_13a
NW 3.13b, Gelsenkirchen-Erle  Eichkamp,Bewertung mit einem Rad, bahn_nw.htm#nw3_13b
NW 3.14b," Herten: Vestische Straßenbahn, Linie 7",Bewertung mit einem Rad, bahn_nw.htm#nw3_14b
NW 3.14c, Marl: ehem. Zechenbahnen,Bewertung mit einem Rad, bahn_nw.htm#nw3_14c
NW 3.15, ehem. Zechenbahn General Blumenthal VIII: Oer-Erkenschwick,Bewertung mit einem Rad, bahn_nw.htm#nw3_15
NW 3.16a, Herne: Dorstener Straße  Flottmann-Gelände,Bewertung mit einem Rad, bahn_nw.htm#nw3_16a
NW 3.16b, Herne: Industriestraße  ehem. Zeche Mont Cenis 1/3,Bewertung mit einem Rad, bahn_nw.htm#nw3_16b
NW 3.16c, Herne: Zechenbahn Friedrich der Große,Bewertung mit einem Rad, bahn_nw.htm#nw3_16c
NW 3.17, Herne: Revierpark Gysenberg (ehem. Zeche Constantin IV/V),Bewertung mit einem Rad, bahn_nw.htm#nw3_17
NW 3.18, Bochum-Hiltrop (Constantin X)  Bergen,Bewertung mit einem Rad, bahn_nw.htm#nw3_18
NW 3.19a, Bochum-Werne: östlich der Harpener Teiche,Bewertung mit einem Rad, bahn_nw.htm#nw3_19a
NW 3.20a, Bochum: ehem. Anschluss Zeche Friederika,Bewertung mit einem Rad, bahn_nw.htm#nw3_20a
NW 3.20b, Bochum: Zechenbahn Julius-Philipp,Bewertung mit einem Rad, bahn_nw.htm#nw3_20b
NW 3.22a, Castrop-Rauxel: Zechenbahntrasse Victor 3/4  Ickern 1/2,Bewertung mit einem Rad, bahn_nw.htm#nw3_22a
NW 3.22c, Seilbahntrasse: Lünen-Brambauer,Bewertung mit einem Rad, bahn_nw.htm#nw3_22c
NW 3.23c, Dortmund-Aplerbeck: Feldchenbahnbrücke,Bewertung mit einem Rad, bahn_nw.htm#nw3_23c
NW 3.23d, Dortmund-Hacheney: Zeche Crone,Bewertung mit einem Rad, bahn_nw.htm#nw3_23d
NW 3.23e, Dortmund: Zeche Admiral,Bewertung mit einem Rad, bahn_nw.htm#nw3_23e
NW 3.25a, Bergkamen: Grimberg 1/2 - Grimberg 3/4,Bewertung mit einem Rad, bahn_nw.htm#nw3_25a
NW 3.27a, Hamm  Rhynern,Bewertung mit einem Rad, bahn_nw.htm#nw3_27a
NW 3.27b, Werl: Pengel-Pad,Bewertung mit einem Rad, bahn_nw.htm#nw3_27b
NW 3.27c, Lippborg-Heintrop  Oestinghausen,Bewertung mit einem Rad, bahn_nw.htm#nw3_27c
NW 3.27d," Hamm-Herringen: Schacht Franz (""Seilfahrt"")",Bewertung mit einem Rad, bahn_nw.htm#nw3_27d
NW 3.30, Warstein: Industriebahn,Bewertung mit einem Rad, bahn_nw.htm#nw3_30
NW 3.31, Winterberg-Niedersfeld  W.-Hildfeld und Medebach-Wissinghausen  M.-Deifeld,Bewertung mit einem Rad, bahn_nw.htm#nw3_31
NW 3.32, Marsberg-Bredelar  Grube Martenberg (Besucherbergwerk Grube Christiane),Bewertung mit einem Rad, bahn_nw.htm#nw3_32
NW 4.01a, Duisburg-Hochfeld,Bewertung mit einem Rad, bahn_nw.htm#nw4_01a
NW 4.01c, Duisburg: Grünwegverbindung Bergisch-Märkische Hochfeldbahn (Bocksbarttrasse),Bewertung mit einem Rad, bahn_nw.htm#nw4_01c
NW 4.01d, Duisburg: rund um den Innenhafen,Bewertung mit einem Rad, bahn_nw.htm#nw4_01d
NW 4.03c, Ratingen-Hösel,Bewertung mit einem Rad, bahn_nw.htm#nw4_03c
NW 4.03d, Düsseldorf-Unterrath,Bewertung mit einem Rad, bahn_nw.htm#nw4_03d
NW 4.04, Haus Scheppen (Baldeneysee)  Hesperkrug,Bewertung mit einem Rad, bahn_nw.htm#nw4_04
NW 4.04a, Essen-Burgaltendorf: Anschlussbahn Zeche Altendorfer Tiefbau,Bewertung mit einem Rad, bahn_nw.htm#nw4_04a
NW 4.04b, Essen-Überruhr  Burgaltendorf,Bewertung mit einem Rad, bahn_nw.htm#nw4_04b
NW 4.04c, Essen: Deipenbecktal,Bewertung mit einem Rad, bahn_nw.htm#nw4_04c
NW 4.05d, Harkortsche Kohlebahn: Gevelsberg-Silschede  Wetter-Grundschöttel,Bewertung mit einem Rad, bahn_nw.htm#nw4_05d
NW 4.08a, Straßenbahn Haan  Vohwinkel,Bewertung mit einem Rad, bahn_nw.htm#nw4_08a
NW 4.09, Trasse des Werkzeugs: Remscheid-Hasten  Remscheid Hbf,Bewertung mit einem Rad, bahn_nw.htm#nw4_09
NW 4.10b, Remscheid-Struck,Bewertung mit einem Rad, bahn_nw.htm#nw4_10b
NW 4.14, Halver,Bewertung mit einem Rad, bahn_nw.htm#nw4_14
NW 4.16, Monheim  Leverkusen-Rheindorf,Bewertung mit einem Rad, bahn_nw.htm#nw4_16
NW 4.17b, Köln-Thielenbruch  Bergisch Gladbach-Gronau,Bewertung mit einem Rad, bahn_nw.htm#nw4_17b
NW 4.18, Bröltalbahnweg: Bonn-Beuel,Bewertung mit einem Rad, bahn_nw.htm#nw4_18
NW 4.18a, Niederkassel,Bewertung mit einem Rad, bahn_nw.htm#nw4_18a
NW 4.18b, Troisdorf-Spich,Bewertung mit einem Rad, bahn_nw.htm#nw4_18b
NW 4.18c, Niederpleis  Oberpleis,Bewertung mit einem Rad, bahn_nw.htm#nw4_18c
NW 4.20, Elsenroth  Homburg,Bewertung mit einem Rad, bahn_nw.htm#nw4_20
NW 4.25b, Finnentrop  Heggen,Bewertung mit einem Rad, bahn_nw.htm#nw4_25b
NW 4.26, Bestwig  Ramsbeck (ehem. Klein- und Grubenbahn),Bewertung mit einem Rad, bahn_nw.htm#nw4_26
NW 4.29, Kirchhundem  Böminghausen,Bewertung mit einem Rad, bahn_nw.htm#nw4_29
NW 4.30, Netphen  Netphen-Deuz,Bewertung mit einem Rad, bahn_nw.htm#nw4_30
NW 4.31, Neunkirchen (Kr. Siegen)  Unterwilden  Grube Bautenberg,Bewertung mit einem Rad, bahn_nw.htm#nw4_31
NW 5.04a, Vlotho-Uffeln  Porta Westfalica-Veltheim,Bewertung mit einem Rad, bahn_nw.htm#nw5_04a
NW 5.05, Detmold  Pivitsheide,Bewertung mit einem Rad, bahn_nw.htm#nw5_05
NW 5.05a, Externsteine  Schlangen-Kohlstädt,Bewertung mit einem Rad, bahn_nw.htm#nw5_05a
NW 5.08, Paderborn-Marienloh  Bad Lippspringe,Bewertung mit einem Rad, bahn_nw.htm#nw5_08
NW 5.11, Paderborn-Wewer,Bewertung mit einem Rad, bahn_nw.htm#nw5_11
RP 1.12a, Plaidt,Bewertung mit einem Rad, bahn_rp.htm#rp1_12a
RP 2.01a, Moselbahn: Abschnitt Trier-Ruwer  Kenn,Bewertung mit einem Rad, bahn_rp.htm#rp2_01a
RP 2.01c, Moselbahn: Abschnitt Kindel  Wolf,Bewertung mit einem Rad, bahn_rp.htm#rp2_01c
RP 3.02, Gau-Odernheim,Bewertung mit einem Rad, bahn_rp.htm#rp3_02
RP 3.05a, Sprendlingen  St. Johann,Bewertung mit einem Rad, bahn_rp.htm#rp3_05a
RP 3.10, Lampertsmühle-Otterbach  Otterberg,Bewertung mit einem Rad, bahn_rp.htm#rp3_10
RP 3.11, Altleiningen,Bewertung mit einem Rad, bahn_rp.htm#rp3_11
RP 3.17, Klingbachradweg: Klingenmünster  Rohrbach,Bewertung mit einem Rad, bahn_rp.htm#rp3_17
RP 3.18, Neustadt a. d. Weinstraße  Speyer,Bewertung mit einem Rad, bahn_rp.htm#rp3_18
RP 4.04a, Nistertal-Erbach  Bad Marienberg  Fehl-Ritzhausen,Bewertung mit einem Rad, bahn_rp.htm#rp4_04a
RP 4.05, Nordrand des ehem. Truppenübungsplatzes Stegskopf,Bewertung mit einem Rad, bahn_rp.htm#rp4_05
RP 4.07, Becheln  Dachsenhausen,Bewertung mit einem Rad, bahn_rp.htm#rp4_07
RP 4.09, Werksbahn Bad Ems,Bewertung mit einem Rad, bahn_rp.htm#rp4_09
RP 4.10, ehem. Kleinbahn Selters  Hachenburg: Höchstenbach  Krambergsmühle,Bewertung mit einem Rad, bahn_rp.htm#rp4_10
SL04a, Völklingen Heidstock (ehem. Stichbahn zur Grube Victoria),Bewertung mit einem Rad, bahn_sl.htm#sl04a
SL07, Altforweiler  Überherrn,Bewertung mit einem Rad, bahn_sl.htm#sl07
SN 1.03a, Groitzsch  Neukieritzsch,Bewertung mit einem Rad, bahn_sn.htm#sn1_03a
SN 1.03b, Kohlenbahn Borna,Bewertung mit einem Rad, bahn_sn.htm#sn1_03b
SN 1.05, Mulde-Elbe-Radroute: Neichen  Wermsdorf,Bewertung mit einem Rad, bahn_sn.htm#sn1_05
SN 1.06, Bad Lausick  Glasten,Bewertung mit einem Rad, bahn_sn.htm#sn1_06
SN 1.06a, Kohlebahn Neukirchen-Wyhra,Bewertung mit einem Rad, bahn_sn.htm#sn1_06a
SN 2.03a, Neuensalz  Theuma,Bewertung mit einem Rad, bahn_sn.htm#sn2_03a
SN 2.03b, westl. Talsperre Pirk (alter Trassenverlauf),Bewertung mit einem Rad, bahn_sn.htm#sn2_03b
SN 2.05, Pölbitzer Industriebahn: Zwickau,Bewertung mit einem Rad, bahn_sn.htm#sn2_05
SN 2.05b, Kleinbahnbrücke Kirchberg,Bewertung mit einem Rad, bahn_sn.htm#sn2_05b
SN 2.05c, Teichwolframsdorf: Stichbahn Richtung Trünzig Erzverladung,Bewertung mit einem Rad, bahn_sn.htm#sn2_05c
SN 2.10, Mittweida  Ringethal,Bewertung mit einem Rad, bahn_sn.htm#sn2_10
SN 2.13, ehem. Bahnstrecke Stollberg  Zwönitz  Scheibenberg (mehrere Teilstücke),Bewertung mit einem Rad, bahn_sn.htm#sn2_13
SN 2.16, Grünstädtel  Oberrittersgrün,Bewertung mit einem Rad, bahn_sn.htm#sn2_16
SN 2.19, Thermalbad Wiesenbad-Plattenthal  Königswalde (ehem. Plattenthalbahn),Bewertung mit einem Rad, bahn_sn.htm#sn2_19
SN 3.03a, Weißeritztalbahn: Spechtritz  Staumauer Malter (alte Streckenführung),Bewertung mit einem Rad, bahn_sn.htm#sn3_03a
SN 3.08a, Herrnhut  Bernstadt,Bewertung mit einem Rad, bahn_sn.htm#sn3_08a
SN 3.09a, Weißenberg: Viadukt an der Wuischker Mühle,Bewertung mit einem Rad, bahn_sn.htm#sn3_09a
ST 1.02, Kakerbeck  Winkelstedt,Bewertung mit einem Rad, bahn_st.htm#st1_02
ST 1.05b, Kleinwusterwitz  Schlagenthin und Neu Dessau  Milow (BB),Bewertung mit einem Rad, bahn_st.htm#st1_05b
ST 1.06, Hafenbahn Tangermünde,Bewertung mit einem Rad, bahn_st.htm#st1_06
ST 1.07, Bülstringen  Wannefeld,Bewertung mit einem Rad, bahn_st.htm#st1_07
ST 1.10, Gommern  Loburg (Teilstücke),Bewertung mit einem Rad, bahn_st.htm#st1_10
ST 1.12a, Hafenbahn Wittenberg,Bewertung mit einem Rad, bahn_st.htm#st1_12a
ST 1.15, Hohenerxleben (Teilstück v. Güsten  Calbe),Bewertung mit einem Rad, bahn_st.htm#st1_15
ST 1.17, Osterwieck,Bewertung mit einem Rad, bahn_st.htm#st1_17
ST 1.18, Hötensleben  Kauzleben,Bewertung mit einem Rad, bahn_st.htm#st1_18
ST 1.19, Oschersleben  Jakobsberg,Bewertung mit einem Rad, bahn_st.htm#st1_19
ST 1.20, Gunsleben  Aderstedt,Bewertung mit einem Rad, bahn_st.htm#st1_20
ST 2.04, Aumühle  Berga,Bewertung mit einem Rad, bahn_st.htm#st2_04
ST 2.05, Oberröblingen  Allstedt,Bewertung mit einem Rad, bahn_st.htm#st2_05
ST 2.05a, Mansfeld  Klostermansfeld  Helbra,Bewertung mit einem Rad, bahn_st.htm#st2_05a
ST 2.06, Dessau-Radegast-Köthener Bahn,Bewertung mit einem Rad, bahn_st.htm#st2_06
ST 2.06a, Edderitz,Bewertung mit einem Rad, bahn_st.htm#st2_06a
ST 2.06b, Gottgau  Plötz,Bewertung mit einem Rad, bahn_st.htm#st2_06b
ST 2.07a, Zappendorf  Benkendorf,Bewertung mit einem Rad, bahn_st.htm#st2_07a
ST 2.07b, Delitz am Berge,Bewertung mit einem Rad, bahn_st.htm#st2_07b
ST 2.07c, Merseburg,Bewertung mit einem Rad, bahn_st.htm#st2_07c
ST 2.09, Weißenfels  Tagewerben (in Diskussion:  Roßbach),Bewertung mit einem Rad, bahn_st.htm#st2_09
SH 1.03a, Flensburger Kreisbahn: kurze Abschnitte,Bewertung mit einem Rad, bahn_sh.htm#sh1_03a
SH 1.03c, Drelsdorf und Kolkerheide (kurze Abschnitte),Bewertung mit einem Rad, bahn_sh.htm#sh1_03c
SH 1.05, Schleswig  Kropp  Groß Rheide,Bewertung mit einem Rad, bahn_sh.htm#sh1_05
SH 1.07a, Rendsburg: Anschlussgleis Nobiskrug,Bewertung mit einem Rad, bahn_sh.htm#sh1_07a
SH 2.01, Kiel-Wellsee  Moorsee,Bewertung mit einem Rad, bahn_sh.htm#sh2_01
SH 2.02a, Friedeburg  Engelau und westl. Lütjenburg,Bewertung mit einem Rad, bahn_sh.htm#sh2_02a
SH 2.03, Itzehoe  Hohenlockstedt,Bewertung mit einem Rad, bahn_sh.htm#sh2_03
SH 2.05a, Henstedt-Ulzburg,Bewertung mit einem Rad, bahn_sh.htm#sh2_05a
SH 2.08, Groß Steinrade  Lübeck-Buntekuh,Bewertung mit einem Rad, bahn_sh.htm#sh2_08
SH 2.08a, Lübeck-Travemünde,Bewertung mit einem Rad, bahn_sh.htm#sh2_08a
SH 2.10, Ratzeburg  Mustin,Bewertung mit einem Rad, bahn_sh.htm#sh2_10
SH 2.13, Burg auf Fehmarn  Burgstaaken,Bewertung mit einem Rad, bahn_sh.htm#sh2_13
SH 2.N1, Schacht-Audorf  Osterrönfeld (bei Rendsburg),Bewertung mit einem Rad, bahn_sh.htm#sh2_n1
TH01a, Hauröden  Neustadt-Neubleicherode,Bewertung mit einem Rad, bahn_th.htm#th01a
TH02a, Beberstedt  Hüpstedt,Bewertung mit einem Rad, bahn_th.htm#th02a
TH03b, Greußen (in Diskussion:  Ebeleben  Keula),Bewertung mit einem Rad, bahn_th.htm#th03b
TH05a, Gräfentonna  Burgtonna,Bewertung mit einem Rad, bahn_th.htm#th05a
TH07a, Erfurt Nord  Nottleben,Bewertung mit einem Rad, bahn_th.htm#th07a
TH08, Wutha  Ruhla,Bewertung mit einem Rad, bahn_th.htm#th08
TH09, Dorndorf  Merkers (Werra),Bewertung mit einem Rad, bahn_th.htm#th09
TH11b, Immelborn  Steinbach,Bewertung mit einem Rad, bahn_th.htm#th11b
TH15, Westenfeld  Haina,Bewertung mit einem Rad, bahn_th.htm#th15
TH25, Blankenhain  Saalborn,Bewertung mit einem Rad, bahn_th.htm#th25
TH28a, Rastenberg  Hardisleben,Bewertung mit einem Rad, bahn_th.htm#th28a
TH30, Ludwigsstadt  Lehesten,Bewertung mit einem Rad, bahn_th.htm#th30
TH37, Bahnhistorischer Erlebnisradweg: Gera  Meuselwitz,Bewertung mit einem Rad, bahn_th.htm#th37
TH38, Beerwalde  Löbichau,Bewertung mit einem Rad, bahn_th.htm#th38
BW 2.11, Härtsfeldbahn: Aalen  Unterkochen,Bewertung mit 0 Rädern, bahn_bw.htm#bw2_11
BB15a, Stadteisenbahn Forst (Lausitz),Bewertung mit 0 Rädern, bahn_bb.htm#bb15a
MV14b, Neustrelitz,Bewertung mit 0 Rädern, bahn_mv.htm#mv14b
MV18, Lübtheen  Jessnitz,Bewertung mit 0 Rädern, bahn_mv.htm#mv18
NW 1.11, Geilenkirchen  Gillrath,Bewertung mit 0 Rädern, bahn_nw.htm#nw1_11
SN 2.07a, Rabensteiner Viadukt,Bewertung mit 0 Rädern, bahn_sn.htm#sn2_07a
SH 2.04a, Ahrensbök,Bewertung mit 0 Rädern, bahn_sh.htm#sh2_04a
TH26a, Esperstedt  Oldisleben,Bewertung mit 0 Rädern, bahn_th.htm#th26a
TH31, Höllenthalbahn: Blankenstein  Bahnhof Lichtenberg,Bewertung mit 0 Rädern, bahn_th.htm#th31
TH36a, westl. Ronneburg (alte Streckenführung),Bewertung mit 0 Rädern, bahn_th.htm#th36a
BW 1.08a, Fahrradbahn: Vaihingen  Enzweihingen,Noch nicht bewertet, bahn_bw.htm#bw1_08a
BW 2.11b, Aalen: am Kocher,Noch nicht bewertet, bahn_bw.htm#bw2_11b
BY 6.05c, München: Hbf  Pasing,Noch nicht bewertet, bahn_by.htm#by6_05c
BY 7.08a, Aufhausen  Kröhstorf,Noch nicht bewertet, bahn_by.htm#by7_08a
HH06, Hamburger Hafenbahn,Noch nicht bewertet, bahn_hh.htm#hh06
HE 2.10a, Altenstadt: ehem. Industriegleis zur Waldsiedlung,Noch nicht bewertet, bahn_he.htm#he2_10a
HE 2.17, Dornholzhausen  Saalburg,Noch nicht bewertet, bahn_he.htm#he2_17
MV03a, Barth,Noch nicht bewertet, bahn_mv.htm#mv03a
NI 3.08b, Wolfsburg-Ehmen,Noch nicht bewertet, bahn_ni.htm#ni3_08b
NW 1.04b, Krefelder Promenade: Krefeld Forstwald  Krefeld-Uerdingen,Noch nicht bewertet, bahn_nw.htm#nw1_04b
NW 1.06c, Neuss: Gnadental,Noch nicht bewertet, bahn_nw.htm#nw1_06c
NW 1.08c, Aachen-Laurensberg,Noch nicht bewertet, bahn_nw.htm#nw1_08c
NW 1.18, Feldbahn Urfttalsperre,Noch nicht bewertet, bahn_nw.htm#nw1_18
NW 3.06f, Essen: Grünzug Zangenstraße,Noch nicht bewertet, bahn_nw.htm#nw3_06f
NW 3.20d, Bochum: Dampfhaspelbahn der Zeche Carl Friedrichs Erbstollen,Noch nicht bewertet, bahn_nw.htm#nw3_20d
NW 3.20e, Bochum: Im Lottental,Noch nicht bewertet, bahn_nw.htm#nw3_20e
NW 3.21a, Bochum-Langendreer (alte Streckenführung),Noch nicht bewertet, bahn_nw.htm#nw3_21a
NW 4.06b, Schwarzbachtrasse: Wuppertal-Wichlinghausen  Langerfeld,Noch nicht bewertet, bahn_nw.htm#nw4_06b
SL08, Wiebelskirchen,Noch nicht bewertet, bahn_sl.htm#sl08
SN 2.06a," Bahn""l-Weg: Stützengrün  Steinberg",Noch nicht bewertet, bahn_sn.htm#sn2_06a
SN 3.06, Goßdorf-Kohlmühle  Lohsdorf  Hohnstein (in Abschnitten),Noch nicht bewertet, bahn_sn.htm#sn3_06
ST 1.02a, Hohenwulsch  Bismark,Noch nicht bewertet, bahn_st.htm#st1_02a
ST 1.13, Gernrode  Rieder  Ballenstedt,Noch nicht bewertet, bahn_st.htm#st1_13
TH24, Rudolstadt-Schwarza  Bad Blankenburg,Noch nicht bewertet, bahn_th.htm#th24
TH35, Greiz  Neumark,Noch nicht bewertet, bahn_th.htm#th35
